yt_id,channel_id,channel_title,published_at,url,title,description,duration_seconds,views,language,thumbnail,likes,comment_count
Gm5WJdGyNTI,UCdxxZI5F0u0l_wY8Bimsnow,FOM Hochschule,2024-11-14T06:46:12Z,https://www.youtube.com/watch?v=Gm5WJdGyNTI,"Flexibel, digital, anders: Wie die GenZ den Arbeitsmarkt verändert","New Work, Digitalisierung und der Fachkräftemangel – die Arbeitswelt ist im Umbruch, und die Generation Z bringt neue Erwartungen mit, die vieles Althergebrachte auf den Kopf stellen. Aber ist die neue Generation wirklich so faul wie ihr nachgesagt wird? Am 13. November um 18 Uhr gehen wir in einer Podiumsdiskussion den Mythen rund um die GenZ auf den Grund und diskutieren die Frage, wie diese Generation den Arbeitsmarkt tatsächlich prägt. Unsere Expertinnen und Experten beleuchten das Thema aus unterschiedlichen Perspektiven und teilen wertvolle Einblicke, Herausforderungen und Zukunftsstrategien.

Freuen Sie sich auf spannende Impulse von:
•    Susanne Nickel – Top 100 Speakerin, Rechtsanwältin und Expertin für Arbeit und Wandel
•    Prof. Dr. Alexander Spermann – Professor für Wirtschaftswissenschaften an der FOM Hochschule in Köln
•    Ivana Tadić – Personalentwicklerin, GenZ-Keynote-Speakerin und TikTok-Content-Creator
•    Rainer Grill – Leiter der Öffentlichkeitsarbeit bei ZIEHL-ABEGG und Experte für Unternehmenskommunikation
•    Moderation: Markus Tirok – Gründer der Interviewhelden, Moderator und Trainer",5215,656,unknown,https://i.ytimg.com/vi/Gm5WJdGyNTI/hqdefault.jpg,21,1
dhzDg5Ij0eY,UCdxxZI5F0u0l_wY8Bimsnow,FOM Hochschule,2024-07-11T12:31:15Z,https://www.youtube.com/watch?v=dhzDg5Ij0eY,Das Bachelor-Studium an der #fomhochschule! #studium #berufsbegleitend #studieren #bachelor,"Du möchtest im Job so richtig durchstarten? Ein Bachelor-Abschluss ist deine Eintrittskarte zu höheren Positionen. Und damit auch zu einem besseren Gehalt!

An der FOM Hochschule hast du die Wahl aus rund 30 berufsbegleitenden Bachelor-Studiengängen. Ob im Bereich Wirtschaft, Recht, Psychologie, IT, Ingenieurwesen oder Gesundheit & Soziales: Bei uns findest du das passende Studium für dich! 

Natürlich sind alle Bachelor-Abschlüsse staatlich und international anerkannt. Und das Beste: Du kannst das Wissen aus den Vorlesungen direkt im Job anwenden!

Und so kannst du an der FOM studieren:
Im Campus-Studium an einem unserer mehr als 30 FOM Hochschulzentren in ganz Deutschland. Oder im Digitalen Live-Studium – live gesendet aus unseren Hightech-TV-Studios. Je nach Studiengang kannst du sogar von Semester zu Semester neu entscheiden, wie du deine Vorlesungen besuchen willst.  

Du möchtest mehr erfahren? Alle Infos findest du auf fom.de!",56,492,unknown,https://i.ytimg.com/vi/dhzDg5Ij0eY/hqdefault.jpg,9,1
pAxdVmOV0pU,UCdxxZI5F0u0l_wY8Bimsnow,FOM Hochschule,2024-07-04T15:15:23Z,https://www.youtube.com/watch?v=pAxdVmOV0pU,Das Master-Studium an der #fomhochschule! #master #studium #berufsbegleitend #karriere,"Du hast deinen Bachelor in der Tasche und willst im nächsten Step Führungsverantwortung übernehmen? Mit einem berufsbegleitenden Master-Studium kannst du deine Karriere auf das nächste Level heben!  

An der FOM stehen dir mehr als 20 verschiedene Master-Studiengänge zur Auswahl – aus den Bereichen Wirtschaft, Recht, Psychologie, IT, Ingenieurwesen und Gesundheit & Soziales. Alle Master-Abschlüsse sind staatlich und international anerkannt. 

Du möchtest mehr erfahren? Alle Infos findest du auf fom.de!",59,323,unknown,https://i.ytimg.com/vi/pAxdVmOV0pU/hqdefault.jpg,5,0
sjSeSqkOJA4,UCdxxZI5F0u0l_wY8Bimsnow,FOM Hochschule,2024-06-18T05:27:35Z,https://www.youtube.com/watch?v=sjSeSqkOJA4,Dein Karriere-Booster: Das Duale Studium Telekom x FOM,"Du hast dein Abi in der Tasche und fragst dich, wie es jetzt weitergeht? Eine Ausbildung oder doch lieber ein Studium? Du kannst auch beides machen und dual studieren – mit zwei starken Partnern an deiner Seite, der FOM Hochschule und der Deutschen Telekom. Dabei profitierst du von den Vorteilen aus beiden Welten: Du machst einen akademischen Abschluss, parallel dazu sammelst du praktische Erfahrung und verdienst bereits dein eigenes Geld. Bei unserer Online-Infoveranstaltung am Montag, 17. Juni, erfährst du alles rund um das Studium an der FOM und deine Möglichkeiten bei der Telekom.",4147,1339,unknown,https://i.ytimg.com/vi/sjSeSqkOJA4/hqdefault.jpg,24,7
Pel2f9ij1tI,UCdxxZI5F0u0l_wY8Bimsnow,FOM Hochschule,2024-05-27T09:25:26Z,https://www.youtube.com/watch?v=Pel2f9ij1tI,Der FOM Hochschulbereich Wirtschaft & Recht #fomhochschule #studium #recht #wirtschaft #studieren,"Sie wollen im Business nicht nur mitspielen, sondern die Regeln kennen? Mit einem Studium im Hochschulbereich Wirtschaft & Recht der FOM Hochschule werden Sie zur unverzichtbaren Schlüsselfigur in jedem Unternehmen. Denn Sie lernen nicht nur Entscheidungen zu treffen - sondern auch, diese Entscheidungen rechtlich zu begründen. 

Egal ob Arbeits-, Vertrags-, Unternehmens- oder Steuerrecht: Bei uns eignen Sie sich das notwendige Know-how an, um in Fach- und Führungspositionen durchzustarten. Sorgen Sie mit Ihrem Wissen dafür, dass Ihr Unternehmen auf der sicheren Seite ist und tragen Sie so maßgeblich zu seinem Erfolg bei! 

Welche Studiengänge stehen Ihnen dafür an der FOM zur Auswahl? Hier ein paar Beispiele: 

In unserem Bachelor-Studiengang „Steuerrecht” beschäftigten Sie sich unter anderem intensiv mit verschiedenen Steuerarten und der Digitalisierung des Steuersystems. 

Sie möchten Ihr steuer- und wirtschaftsrechtliches Wissen vertiefen und streben das Steuerberaterexamen an? Dann ist der Master „Taxation” der passende Studiengang für Ihre beruflichen Ziele. 

Oder haben Sie vielleicht ein nicht-juristisches Studium absolviert, möchten sich aber gerne mit den gängigen Rechtsmethoden vertraut machen? Im Master „Recht & Management“ erlangen Sie juristisches Know-how für den Unternehmensalltag als Führungskraft. 

Ganz egal, für welchen Studiengang Sie sich entscheiden: Ihr Wissen aus dem Studium können Sie direkt im Job anwenden.

Sie wollen mehr erfahren? Alle Infos zu unseren Studiengängen im Hochschulbereich Wirtschaft & Recht finden Sie auf fom.de.",88,362,unknown,https://i.ytimg.com/vi/Pel2f9ij1tI/hqdefault.jpg,2,1
oMJ8MkPhLBE,UCdxxZI5F0u0l_wY8Bimsnow,FOM Hochschule,2024-05-27T09:23:15Z,https://www.youtube.com/watch?v=oMJ8MkPhLBE,Der FOM Hochschulbereich Wirtschaft & Psychologie #fomhochschule #studium #berufsbegleitend,"Um ökonomische Zusammenhänge erfolgreich bewerten zu können, müssen Sie das Verhalten von Menschen kennen. Sie möchten verstehen, was Konsumenten wirklich bewegt? Genau das lernen Sie an der FOM Hochschule!

Ein Studium in unserem Hochschulbereich Wirtschaft & Psychologie bereitet Sie darauf vor, Produkte, Prozesse und Organisationen erfolgreich aus beiden Perspektiven zu gestalten: betriebswirtschaftlich UND psychologisch.
Zur Auswahl Ihnen verschiedene praxisnahe Bachelor- und Master-Studiengänge. Zum Beispiel lernen Sie in unserem Bachelor „Wirtschaftspsychologie“, das Verhalten von Konsumenten zu erforschen und innovative Marketingstrategien zu entwickeln.

Oder vielleicht ist das Master-Studium „Arbeits-, Organisations- und Personalpsychologie” genau das Richtige für Sie: In diesem Studiengang erlangen Sie die nötigen Skills, um die Zusammenarbeit von Mitarbeitenden, Teams und Organisationen zu optimieren.  

Egal, für welches Studium Sie sich entscheiden: Alle Abschlüsse der FOM sind staatlich und international anerkannt und eröffnen Ihnen vielfältige Karrieremöglichkeiten. 

Möchten Sie mehr erfahren? Alle Infos zu unseren Studiengängen im Hochschulbereich Wirtschaft & Psychologie finden Sie auf fom.de",77,250,unknown,https://i.ytimg.com/vi/oMJ8MkPhLBE/hqdefault.jpg,2,0
L07U2182GNI,UCdxxZI5F0u0l_wY8Bimsnow,FOM Hochschule,2024-05-27T09:21:02Z,https://www.youtube.com/watch?v=L07U2182GNI,Der Hochschulbereich Wirtschaft & Management #fomhochschule #management #studium #berufsbegleitend,"Sie wollen Innovationen vorantreiben, Teams leiten und Unternehmen zum Erfolg führen? 

Die Studiengänge der FOM Hochschule im Bereich Wirtschaft & Management vermitteln Ihnen alle relevanten Fähigkeiten, die in der schnelllebigen Geschäftswelt unerlässlich sind. Zum Beispiel stärken Sie Ihre Digitalkompetenz, setzen sich mit aktuellen Trends auseinander und werden so zum innovativen Denker und Manager. 
Das Studienangebot der FOM ist dabei so vielfältig wie die Wirtschaft selbst. 

Hier ein paar Beispiele:
Der Bachelor-Studiengang „Business Administration” thematisiert alle betriebswirtschaftlichen Disziplinen - von der Personalwirtschaft über das Marketing bis hin zum Controlling. Oder erlangen Sie in unserem Master „Future Management“ Kenntnisse, wie Sie Unternehmen und Organisationen fit für die Zukunft machen können.

Sie haben die Wahl aus mehr als 20 Bachelor- und Master-Studiengängen: von „Finance & Banking” über „International Management” bis hin zu „Business Consulting & Digital Management”. Alle Bachelor- und Master-Abschlüsse sind staatlich und international anerkannt. Und das Beste: Sie können das Wissen aus den Vorlesungen direkt im Job anwenden!

Sind Sie bereit, Ihre Karriere auf das nächste Level zu heben? Alle Infos zu unseren Studiengängen im Hochschulbereich Wirtschaft & Management finden Sie auf fom.de.",79,197,unknown,https://i.ytimg.com/vi/L07U2182GNI/hqdefault.jpg,1,0
cr2RIwZ8c8w,UCdxxZI5F0u0l_wY8Bimsnow,FOM Hochschule,2024-05-27T09:18:39Z,https://www.youtube.com/watch?v=cr2RIwZ8c8w,Der FOM Hochschulbereich IT Management #fomhochschule #studium #berufsbegleitend #itmanagement,"Sie möchten die Digitalisierung aktiv mitgestalten? 

Die Studiengänge im Hochschulbereich IT Management der FOM Hochschule bereiten Sie auf eine Arbeitswelt vor, in der neue Technologien zunehmend an Bedeutungen gewinnen. Und zwar indem Sie Ihnen sowohl theoretisches Fachwissen als auch praktische Anwendungsmöglichkeiten vermitteln.

Sie lernen, wie Sie durch den Einsatz digitaler Technologien Produkte, Prozesse und die Zusammenarbeit in Unternehmen optimieren können. Dadurch qualifizieren Sie sich für zukunftsweisenden Fach- und Führungsaufgaben. 

Sie erhalten Einblicke in die entscheidenden Aspekte für die Planung, Steuerung und Kontrolle von IT-Systemen. Zum Beispiel in unserem Bachelor-Studiengang „Cyber Security”: Dort lernen Sie Sicherheitslücken zu identifizieren, Cyber-Attacken frühzeitig zu erkennen und erfolgreich abzuwenden. 

Sie möchten lernen, wie Sie KI in verschiedenen Unternehmensbereichen effektiv einsetzen können? Dann könnte unser Bachelor „Angewandte Künstliche Intelligenz” genau das Richtige für Sie sein.

Natürlich stehen Ihnen auch im Master-Bereich Studiengänge zur Auswahl, mit denen Sie ihr IT-Wissen vertiefen und sich weiter spezialisieren können.
Alle Studienabschlüsse der FOM sind staatlich und international anerkannt. Und das Beste: Sie können das erlernte Wissen direkt in der Praxis anwenden - und so einen echten Unterschied machen.

Also: Sind Sie bereit, die digitale Zukunft in Unternehmen mitzugestalten? Alle Infos zu unseren Studiengängen im Hochschulbereich IT Management finden Sie auf fom.de.",95,202,unknown,https://i.ytimg.com/vi/cr2RIwZ8c8w/hqdefault.jpg,1,0
TOwU1QSA2H8,UCdxxZI5F0u0l_wY8Bimsnow,FOM Hochschule,2024-05-27T09:15:38Z,https://www.youtube.com/watch?v=TOwU1QSA2H8,Der Hochschulbereich Ingenieurwesen der FOM! #fomhochschule #studium #berufsbegleitend,"Wenn es darum geht, neue Technologien oder innovative Produkte zu entwickeln, sind Ingenieurinnen und Ingenieure gefragt. 
Sie wollen Ihre Kompetenzen in den Bereichen Digitalisierung, Automatisierung und Künstlicher Intelligenz schärfen und effiziente Lösungen entwickeln? Werden Sie zur gefragten Fach- oder Führungskraft – mit einem berufs- oder ausbildungsbegleitenden Studium an der FOM Hochschule. 

Unsere praxisnahen Bachelor- und Master-Studiengänge im Hochschulbereich Ingenieurwesen vermitteln Ihnen technisches und betriebswirtschaftliches Know-how - und bereiten Sie auf die Arbeitswelt von morgen vor.

Erlangen Sie zum Beispiel im Bachelor „Maschinenbau & Digitale Technologien“ Fachwissen über digitale Fertigungsprozesse und treiben Sie technologische Fortschritte im Maschinenbau voran. Oder studieren Sie unseren Bachelor „Wirtschaftsingenieurwesen“ und werden Sie zum Problemlöser im Bereich Automatisierung, Nachhaltigkeit und IT-Sicherheit. Sie möchten Geschäftsprozesse digitalisieren und die Produktion von Unternehmen optimieren? Dann könnte unser Master „Wirtschaftsingenieurwesen” genau das Richtige für Sie sein. 

Wenden Sie Ihr Wissen aus den Vorlesungen direkt im Job an und starten Sie beruflich durch! 

Alle Infos zu unseren Studiengängen im Hochschulbereich Ingenieurwesen finden Sie auf fom.de",79,104,unknown,https://i.ytimg.com/vi/TOwU1QSA2H8/hqdefault.jpg,0,0
yOY5GaVnPOc,UCdxxZI5F0u0l_wY8Bimsnow,FOM Hochschule,2024-05-27T09:12:57Z,https://www.youtube.com/watch?v=yOY5GaVnPOc,Der FOM Hochschulbereich Gesundheit & Soziales #fomhochschule #studium #berufsbegleitend,"Wollen Sie das Gesundheitssystem von morgen aktiv mitgestalten? Oder möchten Sie sich mit einem Job im sozialen Bereich verwirklichen?

Das Gesundheits- und Sozialwesen bietet Ihnen jede Menge Jobperspektiven. Top-ausgebildete Fachkräfte sind hier gefragt wie nie! Denn auch die Aufgaben und Berufsfelder werden immer vielseitiger und anspruchsvoller.

Mit einem berufs- oder ausbildungsbegleitenden Studium an der FOM Hochschule ebnen Sie Ihren Weg für eine Karriere im Gesundheits- und Sozialbereich. 

Von Pflege über Soziale Arbeit bis hin zu Public Health oder Medizinmanagement: Der passende Bachelor- oder Master ist bestimmt für Sie dabei! Gestalten Sie den Wandel im Gesundheits- und Sozialwesen aktiv mit und machen Sie es digitaler, effizienter und zukunftsfähig! 

Egal, für welchen Studiengang Sie sich entscheiden: Alle Abschlüsse sind staatlich und international anerkannt. Und das Beste: Sie können das Wissen aus den Vorlesungen direkt im Job anwenden!

Sie wollen mehr erfahren? Alle Infos zu unseren Studiengängen im Hochschulbereich “Gesundheit & Soziales” finden Sie unter fom.de.",67,169,unknown,https://i.ytimg.com/vi/yOY5GaVnPOc/hqdefault.jpg,1,0
_UpTXelHVeU,UCdxxZI5F0u0l_wY8Bimsnow,FOM Hochschule,2024-05-23T09:37:49Z,https://www.youtube.com/watch?v=_UpTXelHVeU,Drei Tipps gegen Prüfungsangst! #fomhochschule #lerntipps #studium #klausuren,"Nie wieder Prüfungsangst! Stell dir vor, du gehst gelassen in jede Klausur – kein Blackout, kein Stress! Unsere Tipps helfen dir, cool zu bleiben und Prüfungen besser zu meistern. 

Visualisiere deinen Erfolg, setze auf positive Affirmationen, halte Körper und Geist fit und finde deine innere Ruhe. 

Weitere Tipps findest du im FOM Online-Magazin in der Kategorie „Erfolg im Studium“ und jetzt sag der Prüfungsangst adé!

#FOMHochschule #Klausuren #Prüfungsangst #FOMstudyhacks #studylife",42,715,unknown,https://i.ytimg.com/vi/_UpTXelHVeU/hqdefault.jpg,19,1
GjcIdGaqoV0,UCdxxZI5F0u0l_wY8Bimsnow,FOM Hochschule,2024-05-15T07:01:23Z,https://www.youtube.com/watch?v=GjcIdGaqoV0,Diese Tipps helfen euch durch die nächste Lernphase! #fomhochschule #lerntipps #studymotivation,"Wir wissen alle, wie stressig die Klausurphase sein kann. Um so wichtiger ist es, sich optimal auf die Klausuren vorzubereiten.
 Hier sind ein paar Tipps, die euch in der Lernphase helfen könnten! Also viel Erfolg beim Lernen und bei euren Klausuren. Ihr rockt das!
 
#FOMHochschule #Klausuren #Lernen #studylife #FOMstudyhacks #studiumnebendemberuf­",38,247,unknown,https://i.ytimg.com/vi/GjcIdGaqoV0/hqdefault.jpg,3,0
Wlv2w4ZDwj4,UCdxxZI5F0u0l_wY8Bimsnow,FOM Hochschule,2024-05-02T07:58:06Z,https://www.youtube.com/watch?v=Wlv2w4ZDwj4,Du willst die FOM Hochschule richtig kennenlernen? Dann komm zur Probevorlesung!  #news #studium,"Du willst in eine Vorlesung reinschnuppern? 

Dir einen persönlichen Eindruck von der FOM Hochschule verschaffen?  
Und dich mit Studierenden und Lehrenden austauschen? 

Dann besuche eine kostenfreie Probevorlesung – und finde heraus, was es heißt, an der FOM zu studieren!

Erhalte einen Einblick in das Campus-Studium an unseren Hochschulzentren oder ins Digitale Live-Studium – du hast die Wahl. 

Und so geht’s zur Anmeldung: Einfach auf fom.de nach Probevorlesungen suchen, das Online-Formular ausfüllen und Terminvorschläge erhalten.

Klingt gut? Dann sehen wir uns hoffentlich bald vor Ort oder virtuell.

#fomhochschule #probevorlesung #studium #berufsbegleitend",35,266,unknown,https://i.ytimg.com/vi/Wlv2w4ZDwj4/hqdefault.jpg,4,0
9HgrlSVFCns,UCdxxZI5F0u0l_wY8Bimsnow,FOM Hochschule,2024-04-24T13:55:45Z,https://www.youtube.com/watch?v=9HgrlSVFCns,So funktioniert der Theorie Praxis Transfer an der #fomhochschule! #praxisorientiertesstudium,"An der FOM Hochschule können Sie aus insgesamt mehr als 50 Bachelor- und Master-Studiengängen wählen. Eines haben alle Studiengänge gemeinsam: den Theorie-Praxis-Transfer. 

Was heißt das genau? Das erklären wir in diesem Video. 

Ganz egal, für welches Bachelor- oder Master-Studium Sie sich entscheiden: Die Inhalte aus den Vorlesungen orientieren sich an der beruflichen Praxis – und werden anhand konkreter Beispiele aus dem Unternehmensalltag vermittelt. Unter anderem in Form von Planspielen, Fallstudien oder Praxisprojekten – auch in Zusammenarbeit mit unseren Kooperationspartnern. 

Die Vorteile? Durch die enge Verknüpfung von Theorie und Praxis sind die Lehrinhalte viel leichter verständlich. UND Sie trainieren, das Gelernte direkt im Berufskontext anzuwenden.  

Der Theorie-Praxis-Transfer funktioniert aber auch in die andere Richtung. Da Sie neben dem Beruf oder parallel zur Ausbildung studieren, können Sie Ihre eigenen Erfahrungen in Ihre Vorlesungen einbringen. 

Ganz wichtig: Auch unsere Professorinnen, Professoren und Lehrbeauftragten kommen aus der Wirtschaft – und greifen in ihrer Lehre auf Wissen aus der Berufspraxis zurück. 

Sie möchten mehr über das Studium an der FOM Hochschule erfahren? Alle Infos finden Sie auf fom.de",77,921,unknown,https://i.ytimg.com/vi/9HgrlSVFCns/hqdefault.jpg,5,0
RHNF2_-eFNY,UCdxxZI5F0u0l_wY8Bimsnow,FOM Hochschule,2024-04-24T08:33:50Z,https://www.youtube.com/watch?v=RHNF2_-eFNY,Mit der FOM um die Welt - dein Auslandsaufenthalt an der #fomhochschule! #auslandssemester #studium,"Du willst während deines Studiums ins Ausland – zum Beispiel in die USA, nach Australien oder Südafrika?

Kein Problem! An der FOM Hochschule hast du zahlreiche Möglichkeiten, internationale Erfahrungen zu sammeln. Du kannst für mehrere Tage, Wochen oder Monate an weltweit renommierten Universitäten studieren. Und das sind deine Vorteile: 

• Du erweiterst deine Fach- und Sprachkompetenzen 
• Du sammelst wertvolle interkulturelle Erfahrungen 
• Du verbesserst deine Karrierechancen 

Je nach Studiengang kannst du dir sogar Prüfungsleistungen auf dein FOM Studium anrechnen lassen. 

Und keine Sorge: Natürlich bleibt auch genug Zeit für Sightseeing und Strandbesuche!
Du möchtest mehr erfahren? Weitere Infos gibt’s auf fom.de und bei unseren regelmäßigen Infoveranstaltungen!",47,310,unknown,https://i.ytimg.com/vi/RHNF2_-eFNY/hqdefault.jpg,6,0
W527iF_FgwY,UCdxxZI5F0u0l_wY8Bimsnow,FOM Hochschule,2024-04-24T08:28:38Z,https://www.youtube.com/watch?v=W527iF_FgwY,Welche Vorleistungen sind auf das FOM Studium anrechenbar? #fomhochschule #studium #anrechnungen,Haben Sie bereits eine berufliche Aus- oder Fortbildung abgeschlossen oder an einer anderen Hochschule studiert? Bei der FOM können Sie bereits erbrachte Leistungen auf Ihr Bachelor-Studium anrechnen lassen. Dies verkürzt die Studiendauer und ermöglicht in vielen Fällen Einsparungen bei den Studiengebühren.,79,310,unknown,https://i.ytimg.com/vi/W527iF_FgwY/hqdefault.jpg,2,0
wRy9q8Hz0t8,UCdxxZI5F0u0l_wY8Bimsnow,FOM Hochschule,2024-04-17T09:17:55Z,https://www.youtube.com/watch?v=wRy9q8Hz0t8,Komm zum „FOM Bachelor Dual Day“ in Düsseldorf! Jetzt noch anmelden!,"Morgen ist es soweit: Finde dein Perfect Match aus Traumjob und Bachelor-Studium! Komm zum „FOM Bachelor Dual Day“! 

Morgen, 18. April von 12 bis 17 Uhr
FOM Hochschulzentrum Düsseldorf

Worauf wartest du noch? Einfach anmelden, vorbeikommen und mit uns dual durchstarten! 

Alles Infos unter: fom.de/dualday",37,330,unknown,https://i.ytimg.com/vi/wRy9q8Hz0t8/hqdefault.jpg,5,0
1abt3iXL-zQ,UCdxxZI5F0u0l_wY8Bimsnow,FOM Hochschule,2024-04-16T14:17:30Z,https://www.youtube.com/watch?v=1abt3iXL-zQ,„Arbeitsrecht für die Unternehmenspraxis“ an der FOM Hochschule studieren! #studium #master,"Arbeitsrechtliche Fragen gehören als Führungskraft zu deinem Alltag – und sind nicht selten ein Gradmesser für deine Leadership-Qualitäten!

Du möchtest mehr Rechtssicherheit im Job gewinnen und dir arbeitsrechtliches, betriebswirtschaftliches und führungspsychologisches Wissen aneignen? Dann ist unser TopUp-Master „Arbeitsrecht für die Unternehmenspraxis“ dein persönlicher Masterplan!

In deinem dreisemestrigen Studium beschäftigst du dich mit Themen wie Compliance, Datenschutz, New Work und Vertragsgestaltung. Und du lernst on top moderne Führungsinstrumente kennen. 

Dein Vorteil: Unser FOM TopUp-Master wurde extra für Personalverantwortliche ohne juristische Vorkenntnisse entwickelt. Am Ende besitzt du einen staatlich und international anerkannten Master-Abschluss mit 60 ECTS. Und hast die Chance auf den nächsten Karriereschritt! 

Du möchtest mehr erfahren? Alle Infos zum Master „Arbeitsrecht für die Unternehmenspraxis“ findest du auf fom.de!",56,145,unknown,https://i.ytimg.com/vi/1abt3iXL-zQ/hqdefault.jpg,1,0
Hrcwi1Qi_RI,UCdxxZI5F0u0l_wY8Bimsnow,FOM Hochschule,2024-04-09T13:59:18Z,https://www.youtube.com/watch?v=Hrcwi1Qi_RI,Du möchtest dual studieren? Komm' zum Bachelor Dual Day!  #fomhochschule #bachelor #dualesstudium,"Lust auf ein Blind-Date mit der Zukunft? 

Beim Bachelor Dual Day am 18. April an der FOM in Düsseldorf kannst du zahlreiche Arbeitgeber kennenlernen. 

Alle Infos und Anmeldung unter: fom.de/dualday",36,203,unknown,https://i.ytimg.com/vi/Hrcwi1Qi_RI/hqdefault.jpg,4,0
FGC1BpJQyI8,UCdxxZI5F0u0l_wY8Bimsnow,FOM Hochschule,2024-04-09T12:23:00Z,https://www.youtube.com/watch?v=FGC1BpJQyI8,Studiere Unternehmensführung & Controlling an der #fomhochschule!  #master #berufsbegleitend #short,"Du möchtest Unternehmen erfolgreich führen oder beraten? Das nötige Know-how bekommst du an der FOM – und zwar in unserem Master-Studium „Unternehmensführung & Controlling.“ 

Um ein Unternehmen oder eine Organisation erfolgreich zu managen, brauchst du umfassende Skills: Du musst Trends und Herausforderungen richtig einschätzen können, um passende Strategien zu entwickeln. Zum Beispiel, wenn es um die Megatrends Nachhaltigkeit oder KI geht. Außerdem musst du dich im Controlling auskennen – nur dann kannst du fundierte Finanzentscheidungen treffen.
 
Dein Studium schließt du mit einem staatlich und international anerkannten Master-Abschluss der FOM Hochschule ab.

Du möchtest mehr erfahren? Alle Infos findest du auf fom.de!",59,144,unknown,https://i.ytimg.com/vi/FGC1BpJQyI8/hqdefault.jpg,2,0
i1eZKCWLL6I,UCdxxZI5F0u0l_wY8Bimsnow,FOM Hochschule,2024-04-02T11:44:10Z,https://www.youtube.com/watch?v=i1eZKCWLL6I,Das Master-Studium an der FOM Hochschule! #studium #master #studiumnebendemberuf,"Sie haben bereits ein Bachelor-Studium absolviert – und möchten sich jetzt weiterentwickeln und für Führungspositionen qualifizieren? 

Mit einem berufsbegleitenden Master-Studium an der FOM Hochschule können Sie Ihre Karriere auf das nächste Level heben! Vor allem, wenn Sie Führungsverantwortung übernehmen wollen, ist ein Master oft Voraussetzung!

An der FOM stehen Ihnen dafür mehr als 20 Master-Studiengänge aus diesen Hochschulbereichen zur Auswahl: 
- Wirtschaft & Management
- Wirtschaft & Psychologie
- Wirtschaft & Recht
- IT Management
- Ingenieurwesen
- und Gesundheit & Soziales

Alle Master-Abschlüsse an der FOM sind selbstverständlich staatlich und international anerkannt. Und eröffnen Ihnen die Möglichkeit zu einer Promotion.

Weitere Infos zum berufsbegleitenden Master-Studium an der FOM Hochschule finden Sie auf fom.de!",121,279,unknown,https://i.ytimg.com/vi/i1eZKCWLL6I/hqdefault.jpg,1,0
riYl8xaK9Kk,UCdxxZI5F0u0l_wY8Bimsnow,FOM Hochschule,2024-03-25T08:17:32Z,https://www.youtube.com/watch?v=riYl8xaK9Kk,Das Bachelor-Studium an der FOM Hochschule! #studium #bachelor #berufsbegleitend #studieren,"Sie möchten sich fachlich und persönlich weiterentwickeln und neue Karrierechancen erschließen? Dann ist ein berufsbegleitendes Bachelor-Studium an der FOM Hochschule genau das Richtige für Sie!

Für welchen Bachelor Sie sich auch entscheiden: Die Inhalte aller unserer Studiengänge sind praxisorientiert. Das heißt, Sie können das Wissen aus den Vorlesungen direkt im Berufsalltag anwenden. 
Eine weitere Besonderheit an der FOM: Bei uns haben Sie die Wahl: Sie können im Campus-Studium an einem von bundesweit mehr als 30 FOM Hochschulzentren studieren. Oder im Digitalen Live-Studium – live gesendet aus den Hightech-TV-Studios der FOM mit Vorlesungen in virtueller Präsenz. 

Sie möchten mehr über das berufsbegleitende Bachelor-Studium an der FOM erfahren? Alle Infos auf fom.de und im Video! 

#fomhochschule #bachelor #studium #studiumnebendemberuf #berufsbegleitend #Campusstudium #DigitalesLiveStudium",123,492,unknown,https://i.ytimg.com/vi/riYl8xaK9Kk/hqdefault.jpg,2,1
z37KYRCYpKE,UCdxxZI5F0u0l_wY8Bimsnow,FOM Hochschule,2024-03-20T12:56:36Z,https://www.youtube.com/watch?v=z37KYRCYpKE,"Der FOM TopUp-Master „Coaching, Beratung & Change“ #fomhochschule #studium #berufsbegleitend #master","Du möchtest deine Führungsskills für die modernen Arbeitswelt schärfen? Der FOM TopUp-Master „Coaching, Beratung & Change“ bereitet dich optimal auf die Herausforderungen von morgen vor.

Unser kompakter Master-Studiengang vermittelt effektive, praxisnahe Beratungsmethoden. Er ist genau das Richtige für dich, wenn du deine Kompetenzen in psychologischem Coaching, Diversität und Kommunikation vertiefen möchtest.

Du entwickelst im Studium wissenschaftliche Methoden, analysierst Gruppendynamiken und stärkst Soft Skills – wie Empathie, Selbstreflexion und Flexibilität. 

Nach Abschluss des Studiums verfügst du über gefragte Kompetenzen, um Change-Prozesse in Unternehmen und Organisationen positiv zu beeinflussen. Du kannst zudem professionell Konflikte lösen und förderst eine inklusive Unternehmenskultur. 

Dein Studium schließt du mit 60 ECTS-Punkten und einem staatlich und international anerkannten Master-Abschluss der FOM Hochschule ab.

Klingt spannend? Erfahre mehr über unseren TopUp-Master „Coaching, Beratung & Change“ auf fom.de.",61,140,unknown,https://i.ytimg.com/vi/z37KYRCYpKE/hqdefault.jpg,4,1
pCf0YXRUA1s,UCdxxZI5F0u0l_wY8Bimsnow,FOM Hochschule,2024-03-20T12:53:32Z,https://www.youtube.com/watch?v=pCf0YXRUA1s,„Managing Global Dynamics“ (M.A.) an der FOM studieren! #fomhochschule #master #globaldynamics,"In nur drei Semestern befasst sich der neue FOM TopUp-Master-Studiengang „Managing Global Dynamics“ mit globalen Ereignissen.

Für den internationalen Unternehmenserfolg ist es entscheidend, frühzeitig Chancen und Risiken zu erkennen. An welcher Stelle kann eine Lieferkette gefährdet sein? Entwickeln sich in Übersee neue Megatrends? Nur, wer das früh erkennt, kann schnell reagieren.

Unser TopUp-Master vermittelt dir neben volkswirtschaftlichem Wissen auch Erkenntnisse der Psychologie und der Ethik. Du betrachtest internationale Aspekte und kulturelle Besonderheiten, erkennst Verhaltensmuster von Mitarbeitenden, Kunden und Mitbewerbern.

Das Studium „Managing Global Dynamics“ schließt du nach 3 Semestern mit 60 ECTS-Punkten und einem staatlich und international anerkannten Master-Abschluss der FOM Hochschule ab.

Du möchtest mehr erfahren? Weitere Infos findest du auf fom.de!",60,153,unknown,https://i.ytimg.com/vi/pCf0YXRUA1s/hqdefault.jpg,1,0
jVagx5uodHU,UCdxxZI5F0u0l_wY8Bimsnow,FOM Hochschule,2024-03-07T19:02:42Z,https://www.youtube.com/watch?v=jVagx5uodHU,"Dein Master, deine Karriere: IBM x FOM","Du möchtest deine Kompetenzen vertiefen und den nächsten Karriereschritt gehen? Das berufsbegleitende Master-Kooperationsprogramm von IBM Deutschland und der FOM Hochschule macht es möglich.
 
Du fragst dich, auf welche Stellen du dich bewerben kannst, welche Master-Studiengänge zur Auswahl stehen und wie deine Zukunft bei IBM aussehen könnte? Bei unserem Live-Event berichten unter anderem zwei Studierende der IBM über ihre persönlichen Erfahrungen und Eindrücke während des berufsbegleitenden Master-Studiums gemeinsam mit der FOM und der IBM. 

Die Teilnehmenden:
Antje Kerstin Burger | Managerin IBM Bachelor- und Master-Talente
Melanie Tondera | Geschäftsleitung | FOM Hochschule in Stuttgart
Justus Neu | Master-Student IBM x FOM
Dr. Stephanie Metzner | Master-Absolventin IBM x FOM
Benita Waitzinger | Studienberaterin | FOM Hochschule in Stuttgart",3787,1407,de,https://i.ytimg.com/vi/jVagx5uodHU/hqdefault.jpg,21,0
s1_biA0SvFo,UCdxxZI5F0u0l_wY8Bimsnow,FOM Hochschule,2024-03-07T15:46:00Z,https://www.youtube.com/watch?v=s1_biA0SvFo,„Nachhaltigkeitsmanagement“ (B.A.) an der FOM studieren! #Bachelor #Nachhaltigkeit #FOMHochschule,"Klimawandel, Energiewende, soziale Gerechtigkeit: Nachhaltigkeit ist in aller Munde und wird auch für Unternehmen immer wichtiger. Die Folge: Der Jobmarkt für Nachhaltigkeitsexperten boomt!

Werde jetzt zur gefragten Fach- und Führungskraft – mit dem Bachelor-Studiengang „Nachhaltigkeitsmanagement“ der FOM Hochschule!

Im Studium befasst du dich mich Nachhaltigkeit in verschiedenen Unternehmensbereichen. Du setzt dich zum Beispiel mit nachhaltiger Führung, nachhaltigem Controlling und dem Lieferkettenmanagement auseinander. Gleichzeitig entwickelst du wichtige Future Skills. 

#FOMHochschule #Studium #Bachelor #Nachhaltigkeit #Nachhaltigkeitsmanagement",57,177,unknown,https://i.ytimg.com/vi/s1_biA0SvFo/hqdefault.jpg,4,0
KkM5kIMM1ts,UCdxxZI5F0u0l_wY8Bimsnow,FOM Hochschule,2024-02-23T14:00:55Z,https://www.youtube.com/watch?v=KkM5kIMM1ts,FOM TopUp-Master „Managing Global Dynamics”,"Entscheidend für den internationalen Unternehmenserfolg ist es, frühzeitig zu erkennen, welche Risiken, aber auch Chancen auf den globalen Märkten lauern. Der TopUp-Master „Managing Global Dynamics“ der FOM Hochschule befasst sich in drei Semestern genau mit dieser Thematik. 

Jetzt mehr über den Studiengang im Video erfahren!

#FOMHochschule #Master #Studium #TopUpMaster #GlobalDynamics",132,130,unknown,https://i.ytimg.com/vi/KkM5kIMM1ts/hqdefault.jpg,3,0
OumQBT9_jhI,UCdxxZI5F0u0l_wY8Bimsnow,FOM Hochschule,2024-02-23T13:56:19Z,https://www.youtube.com/watch?v=OumQBT9_jhI,FOM Bachelor-Studium „Nachhaltigkeitsmanagement“,"Klimawandel, Energiewende, soziale Gerechtigkeit: Nachhaltigkeit ist in aller Munde und wird auch für Unternehmen immer wichtiger. Die Folge: Der Jobmarkt für Nachhaltigkeitsexperten boomt. 

Im Video mehr über unseren Bachelor-Studiengang „Nachhaltigkeitsmanagement“ erfahren!

#FOMHochschule #Studium #Bachelor #Nachhaltigkeit #Nachhaltigkeitsmanagement",81,184,unknown,https://i.ytimg.com/vi/OumQBT9_jhI/hqdefault.jpg,1,2
2hgP_z3QMMg,UCdxxZI5F0u0l_wY8Bimsnow,FOM Hochschule,2024-02-23T12:49:22Z,https://www.youtube.com/watch?v=2hgP_z3QMMg,"FOM TopUp-Master „Coaching, Beratung & Change“","Ob Digitalisierung, New Work oder Diversität: Die Arbeitswelt befindet sich im Wandel. Der FOM TopUp-Master „Coaching, Beratung & Change“ bereitet in nur drei Semestern darauf vor, komplexe Anforderungen in nationalen und internationalen Teams erfolgreich zu meistern. Weitere Infos zum Studium gibt's in unserem Video. 

#FOMHochschule #Master #TopUpMaster #Coaching #Beratung #Change",94,127,unknown,https://i.ytimg.com/vi/2hgP_z3QMMg/hqdefault.jpg,2,0
k7oAp8QPvlo,UCdxxZI5F0u0l_wY8Bimsnow,FOM Hochschule,2024-02-23T12:42:07Z,https://www.youtube.com/watch?v=k7oAp8QPvlo,FOM TopUp-Master „Arbeitsrecht für die Unternehmenspraxis“,"Als Führungskraft gehören arbeitsrechtliche Fragen zum Alltag – und nicht selten sind sie Nährstoff für Konflikte. Der FOM TopUp-Master „Arbeitsrecht für die Unternehmenspraxis“ vermittelt arbeitsrechtliches, betriebswirtschaftliches und führungspsychologisches Wissen. Im Video gibt's mehr Infos zum Studiengang. 

#FOMHochschule #Studium #Master #TopUpMaster #Arbeitsrecht",88,97,unknown,https://i.ytimg.com/vi/k7oAp8QPvlo/hqdefault.jpg,1,0
KEWbSIMH4u0,UCdxxZI5F0u0l_wY8Bimsnow,FOM Hochschule,2024-02-23T12:32:11Z,https://www.youtube.com/watch?v=KEWbSIMH4u0,FOM Master-Studiengang „Unternehmensführung & Controlling“,"Der FOM Master-Studiengang „Unternehmensführung & Controlling“  vermittelt das nötige Know-how, um Unternehmen effektiv zu steuern, zu führen oder zu beraten. Jetzt mehr über das Studium in unserem Video erfahren. 

#FOMHochschule #Studium #Master #Unternehmensführung #Controlling",100,335,unknown,https://i.ytimg.com/vi/KEWbSIMH4u0/hqdefault.jpg,4,0
0mdTsvPerc8,UCdxxZI5F0u0l_wY8Bimsnow,FOM Hochschule,2024-02-23T12:22:53Z,https://www.youtube.com/watch?v=0mdTsvPerc8,"FOM Bachelor-Studium „UX-Design & Digital Solutions""","UX steht für User Experience. Dabei geht darum, digitale Produkte und Dienstleistungen so zu designen, dass sie intuitiv, ansprechend und benutzerfreundlich sind. Egal, ob Website oder App – die subjektive Erfahrung spielt bei der Entwicklung der Benutzeroberfläche eine große Rolle. 

In unserem Bachelor-Studiengang  „UX Design & Digital Solutions"" steht das User-Erlebnis im Mittelpunkt. Studierende lernen, wie man digitale Erlebnisse schafft. Und zwar solche, die nicht nur funktionieren – sondern die Nutzer auch begeistern.

#FOMHochschule #Studium #Bachelor #UX #UXDesign",96,194,unknown,https://i.ytimg.com/vi/0mdTsvPerc8/hqdefault.jpg,2,0
hv70GYKM_Pw,UCdxxZI5F0u0l_wY8Bimsnow,FOM Hochschule,2024-02-23T12:09:08Z,https://www.youtube.com/watch?v=hv70GYKM_Pw,FOM Bachelor-Studium „Angewandte Künstliche Intelligenz“,"Künstliche Intelligenz revolutioniert die Arbeitswelt – und bietet hervorragende Karrieremöglichkeiten. Jetzt zum KI-Experten werden: mit dem FOM Bachelor-Studiengang „Angewandte Künstliche Intelligenz“. 

#FOMHochschule #Studium #Bachelor #KI #KünstlicheIntelligenz",73,592,unknown,https://i.ytimg.com/vi/hv70GYKM_Pw/hqdefault.jpg,8,2
yUoD6YNakJA,UCdxxZI5F0u0l_wY8Bimsnow,FOM Hochschule,2024-02-21T09:57:47Z,https://www.youtube.com/watch?v=yUoD6YNakJA,Studieren neben dem Beruf - mit Pius Hummel,"Hier erzählt Pius Hummel seine Sicht der Dinge. Was motiviert jemanden, neben seinem Beruf noch den Bachelor zu machen? Wie meistert man den Alltag? Was bringt das alles? Interessante Antworten aus dem Hochschulzentrum in Hamburg.",1236,546,unknown,https://i.ytimg.com/vi/yUoD6YNakJA/hqdefault.jpg,3,0
CIef9sen0Wk,UCdxxZI5F0u0l_wY8Bimsnow,FOM Hochschule,2024-02-21T09:56:18Z,https://www.youtube.com/watch?v=CIef9sen0Wk,Junge Gründer - mit Julius und Linus,"Diesmal kommt der Podcast aus Augsburg, wo die zwei Jugend- und vor allem Filmfreunde Julius Krebs und Linus Kirschner eine Filmproduktion gründeten, als andere noch Taschengeld von den Eltern bekamen. Zusätzlich studieren jetzt beide Business Administration, um ihr Unternehmen auch wirklich in allen Bereichen im Griff zu haben. Worauf Gründer achten sollten? Wie man spontane Filmdrehs und das Präsenzstudium organisiert? Welche Prioritäten Jungunternehmer setzen müssen? Wie man Studieninhalte in die Praxis umsetzt? Es gab viele Fragen – und die beiden hatten viele Antworten.",1660,237,unknown,https://i.ytimg.com/vi/CIef9sen0Wk/hqdefault.jpg,1,0
hmdawe0RMm8,UCdxxZI5F0u0l_wY8Bimsnow,FOM Hochschule,2024-02-21T09:50:45Z,https://www.youtube.com/watch?v=hmdawe0RMm8,Digitales Live-Studium - mit Virginia Cini,Virginia Cini (22) steckt sich Ziele und setzt diese entschlossen um. Die gebürtige Römerin studiert berufsbegleitend im Digitalen Live-Studium an der FOM Hochschule.,1157,832,unknown,https://i.ytimg.com/vi/hmdawe0RMm8/hqdefault.jpg,9,1
DQQtFTiK1sg,UCdxxZI5F0u0l_wY8Bimsnow,FOM Hochschule,2024-02-21T09:40:36Z,https://www.youtube.com/watch?v=DQQtFTiK1sg,Duales Studium - mit Nina Nüchter,"Nina weiß, was sie will: Ihren ersten Job hatte sie bereits mit zwölf. Ihr Abi schaffte sie mit 17. Und jetzt mit 19 Jahren ist sie im zweiten Semester und studiert dual „Betriebswirtschaft & Wirtschaftspsychologie“ an der FOM. Das heißt: Parallel zum Studium absolviert sie noch eine Ausbildung zur Industriekauffrau. Wie Nina das alles schafft und warum sie sich für ein Duales Studium an der FOM entschieden hat, erzählt sie uns im Interview.

Dabei beantwortet sie all die Fragen, die sich wohl die meisten jungen Abiturienten nach der Schulzeit stellen: Ausbildung oder Studium – oder beides? Wie können Ausbildung und Studium gleichzeitig unter einen Hut gebracht werden? Welche Vorteile bringt dieser Weg? Wie sehen die Karrierechancen danach aus?",1432,234,unknown,https://i.ytimg.com/vi/DQQtFTiK1sg/hqdefault.jpg,3,0
pkJK5Kaf5PA,UCdxxZI5F0u0l_wY8Bimsnow,FOM Hochschule,2024-02-21T09:30:54Z,https://www.youtube.com/watch?v=pkJK5Kaf5PA,Krisenmanagement - mit Anita Wandinger,"Anita Wandinger ist eine der jüngsten Hotelbesitzerinnen Deutschlands. Sie verrät uns, wie sie die Corona-Krise, ihr Master-Studium in „Wirtschaftspsychologie“ an der FOM und ihr Familienleben managt. 
Auf interessante Fragen gibt sie uns interessante Antworten: Was kann ein Studium zur Krisenbewältigung beitragen? Wie hilft ihr der Master-Studiengang „Wirtschaftspsychologie“, ein Unternehmen zu führen? Wie bringt man Hotel, Familie und Studium unter einen Hut? Welche Visionen hat sie für die Zukunft?",748,102,unknown,https://i.ytimg.com/vi/pkJK5Kaf5PA/hqdefault.jpg,0,0
4eOZFi965KM,UCdxxZI5F0u0l_wY8Bimsnow,FOM Hochschule,2024-02-21T09:09:31Z,https://www.youtube.com/watch?v=4eOZFi965KM,Powerfrau & Karriere - mit Jana-Christina Lücking,"Als Brand Managerin bei Coca-Cola in Zürich studiert Jana-Christina Lücking neben dem Beruf in Bremen, um ihren Master-Abschluss zu machen und schafft es irgendwie zusätzlich noch ein Start-up im Foodbereich aufzubauen. Wie schafft man es, in drei Lebensbereichen alles zu geben und sich gleichzeitig die eigene Fröhlichkeit zu bewahren? Wann hat man da noch Zeit für Familie, Freund, Freunde und Hobbies? Was bringt ein Studium, wenn man bereits erfolgreich unterwegs ist? Schwierige Fragen, für die Jana-Christina faszinierende Antworten parat hat.",1484,101,unknown,https://i.ytimg.com/vi/4eOZFi965KM/hqdefault.jpg,1,0
2ckQ_71cK2k,UCdxxZI5F0u0l_wY8Bimsnow,FOM Hochschule,2024-02-21T09:05:58Z,https://www.youtube.com/watch?v=2ckQ_71cK2k,Studieren ohne Abitur - mit Marco Manzo,"In Zürich treffen wir Marco Manzo (26), der auf einem erstaunlichen Karriereweg ist. Mit einem Hauptschulabschluss in Heilbronn gestartet, machte er eine kaufmännische Ausbildung, holte auf dem 2. Bildungsweg das Fachabitur nach und schaffte seinen Bachelor-Abschluss in Business Administration neben seinem Job für Pernod Ricard. Heute arbeitet er dort als Brandmanager in der Schweiz. Wieviel Willenskraft braucht man, um es vom Hauptschüler zum Akademiker zu schaffen? Wie wichtig ist ein Studium für eine internationale Marketing-Karriere? Was für ein Gefühl ist es, der erste Akademiker in der Familie zu sein?",1437,139,unknown,https://i.ytimg.com/vi/2ckQ_71cK2k/hqdefault.jpg,5,0
CLDPoAGQw8U,UCdxxZI5F0u0l_wY8Bimsnow,FOM Hochschule,2024-02-21T09:00:24Z,https://www.youtube.com/watch?v=CLDPoAGQw8U,Vom Laufsteg ins Studium - mit  Sayana Ranjan,"Sayana Ranjan studiert den FOM Bachelor-Studiengang „Betriebswirtschaft und Wirtschaftspsychologie“, war Finalistin bei GNTM war und nun auch ein gefragtes Model. Außerdem engagiert sich die Tamilin für Frauenrechte in Indien. Wir hatten ganz viele Fragen an sie, wie zum Beispiel diese: Wie bringt man Modelbusiness, Showgeschäft und Studium unter einen Hut? Was bedeutet es für Freundschaften, wenn man plötzlich bekannt ist? Ist es besonders schwierig als Tamilin einen anderen Weg zu gehen, der nicht der Kultur entspricht?",1443,238,unknown,https://i.ytimg.com/vi/CLDPoAGQw8U/hqdefault.jpg,1,0
gKfqOjTj3Po,UCdxxZI5F0u0l_wY8Bimsnow,FOM Hochschule,2024-02-01T13:49:06Z,https://www.youtube.com/watch?v=gKfqOjTj3Po,IT Management im Master an der FOM studieren! #FOMHochschule #Master #berufsbegleitend,"Bist du bereit, die Brücke zwischen Management und IT zu schlagen und digitale Prozesse auf ein neues Level zu heben? Dann ist der berufsbegleitende FOM Master-Studiengang  „IT Management“ genau das Richtige für dich! Im Studium bekommst du das nötige Know-how, um IT-Projekte zu managen, die Unternehmensprozesse auf Hochtouren bringen. 

In diesem Video erfährst du mehr! 

#FOMHochschule #Master #Studium #ITManagement #berufsbegleitend",49,356,de-DE,https://i.ytimg.com/vi/gKfqOjTj3Po/hqdefault.jpg,8,0
gKiHaulLcSA,UCdxxZI5F0u0l_wY8Bimsnow,FOM Hochschule,2024-01-25T09:18:13Z,https://www.youtube.com/watch?v=gKiHaulLcSA,Finance & Accounting (M.Sc.) an der #fomhochschule studieren! #masterfinance #financeaccounting,"Der berufsbegleitende Master-Studiengang „Finance und Accounting“ an der FOM Hochschule schafft die perfekte Verbindung von theoretischem Fachwissen und praktischer Anwendung.

Internationale Rechnungslegung, Corporate Finance, Asset Management und Bilanzanalyse: das ist genau das, was du nach dem Studium beherrschst. Wir zeigen dir, wie du Controlling-Prozesse implementierst – direkt, praxisnah und auf den Punkt gebracht!

Du wirst Teil von Projekten, bei denen du eine Finanzanalyse für ein börsennotiertes Unternehmen durchführst. Außerdem analysierst du komplexe Finanzierungs- und Anlage-Entscheidungen und gibst nachhaltige Empfehlungen. Alles live im Studium. So wirst du zum echten Profi.

Du beendest dein Studium „Finance & Accounting“ mit einem staatlich und international anerkannten Master-Abschluss -- und kannst danach sogar promovieren!

Du möchtest mehr erfahren? Weitere Infos zum Master „Finance & Accounting“ an der FOM findest du auf FOM.de!

#masterfinance #fomfinanceandaccounting #finance&accounting #finance #accounting #studium #studiumnebendemBeruf",56,529,unknown,https://i.ytimg.com/vi/gKiHaulLcSA/hqdefault.jpg,9,0
r_tZtK79foU,UCdxxZI5F0u0l_wY8Bimsnow,FOM Hochschule,2024-01-24T12:23:12Z,https://www.youtube.com/watch?v=r_tZtK79foU,Cyber Security Experte werden! #fomhochschule #cybersecurity #cybersecuritymanager #karriere,"Du möchtest in die spannende Welt der Cyber Security eintauchen und Unternehmen effektiv vor Hacker-Angriffen schützen? Dann ist der berufsbegleitende Master-Studiengang „Cyber Security Management“ an der FOM Hochschule genau das Richtige für dich!

Die Digitalisierung bestimmt immer mehr unser Leben -- da sind innovative Security-Strategien auf High-Level-Niveau extrem wichtig. Im Digitalen Live-Studium mit Live-Vorlesungen aus den Hightech-TV-Studios der FOM studierst du online und bist trotzdem mit deinen Lehrenden in direktem Kontakt. In nur vier Semestern wirst du zum IT-Security-Experten, entwickelst Disaster-Recovery-Pläne und IT-Sicherheitsaudits.

Du möchtest mehr erfahren? Weitere Infos zum Master „Cyber Security-Management“ an der FOM findest du auf fom.de!

#cybersecurity #cybersecuritymanagement #mastercybersecurity #berufsbegleitend #studieren #cybercrime",51,738,unknown,https://i.ytimg.com/vi/r_tZtK79foU/hqdefault.jpg,12,0
PjDo1tzhoV0,UCdxxZI5F0u0l_wY8Bimsnow,FOM Hochschule,2024-01-16T13:26:59Z,https://www.youtube.com/watch?v=PjDo1tzhoV0,Wirtschaftsinformatik an der FOM studieren! #wirtschaftsinformatik #fomhochschule #studium #info,"Wirtschaftsinformatik ist nur was für IT-Nerds? Könnte man meinen – stimmt aber nicht!

Im FOM Bachelor-Studium „Wirtschaftsinformatik“ erwartet dich eine Kombi aus Wirtschaftswissenschaften und Wirtschaftsinformatik. Du lernst, Daten zu analysieren, beschäftigst dich mit Supply-Chain-Management und Controlling-Konzepten.

Außerdem bekommst du einen Einblick in IT-Architekturen und entwickelst Digitalstrategien. Alles Dinge, die du im Job brauchst. 
Am Ende deines Studiums an der FOM Hochschule steht ein international anerkannter Bachelor-Abschluss mit 180 ECTS Punkten.
Du möchtest mehr erfahren? Alle Infos zum Bachelor-Studiengang „Wirtschaftsinformatik“ an der FOM Hochschule findest du auf FOM.de!

#fomwirtschaftsinformatik #wirtschaftsinformatikfom #wirtschaftsinformatikstudium #berufsbegleitendesstudium #wirtschaftsinformatik",47,1472,unknown,https://i.ytimg.com/vi/PjDo1tzhoV0/hqdefault.jpg,34,0
Ib_WoCcpxFg,UCdxxZI5F0u0l_wY8Bimsnow,FOM Hochschule,2024-01-05T15:11:06Z,https://www.youtube.com/watch?v=Ib_WoCcpxFg,Der Bachelor Maschinenbau & Digitale Technologien #fomhochschule #berufsbegleitend #studieren,"Du willst neben dem Beruf oder Dual studieren? Und überlegst, im Bachelor-Studiengang ""Maschinenbau & Digitale Technologien"" zu starten?
 
An der FOM Hochschule wirst du zum Maschinenbauingenieur und tauchst tief in eine Branche ein, die ständig innovative Lösungen hervorbringt.
 
Du machst du dich intensiv mit den neuesten Digitaltechnologien im Produktionsprozess vertraut, erstellst Automatisierungslösungen oder programmierst Maschinen und Versuchsaufbauten. Und das alles super praxisnah und im persönlichen Austausch mit deinen Lehrenden.
 
Kurz gesagt: Mit dem Bachelor of Engineering bist du aktiv dabei, die technologische Zukunft mitzugestalten!
 
Starte jetzt deinen Bachelor ""Maschinenbau & Digitale Technologien"", neben dem Beruf oder neben der Ausbildung. Weitere Informationen findest du auf FOM.de

#fommaschinenbau #maschinenbaufom #maschinenbaustudium #fachhochschulemaschinenebau #maschinenbau",43,482,unknown,https://i.ytimg.com/vi/Ib_WoCcpxFg/hqdefault.jpg,11,0
MNNDnNphl_s,UCdxxZI5F0u0l_wY8Bimsnow,FOM Hochschule,2024-01-03T12:22:52Z,https://www.youtube.com/watch?v=MNNDnNphl_s,"Der Bachelor ""Business Administration"" #berufsbegleitendesstudium #dualesstudium #studieren","Du willst neben dem Beruf oder neben der Ausbildung studieren? Und interessierst dich für den Bachelor-Studiengang ""Business Administration"" an der FOM Hochschule? Dann bist du hier genau richtig.

Im berufsbegleitenden oder Dualen FOM Bachelor-Studiengang ""Business Administration"" (B.A.) erhältst du umfassende Kenntnisse in den verschiedenen Bereichen der Betriebswirtschaftslehre. Du hast die Möglichkeit, dir ein breites Verständnis für Themen wie Marketing, Finanzwesen, Personalmanagement und Unternehmensführung anzueignen. 

Außerdem legt die FOM Hochschule großen Wert darauf, dass du zukunftsrelevante Skills, wie Teamarbeit und Digital Learning entwickelst.

Dein Studium beendest du mit einem international anerkannten Bachelor-Abschluss der FOM Hochschule.

Weitere Infos im Video.",47,888,unknown,https://i.ytimg.com/vi/MNNDnNphl_s/hqdefault.jpg,23,0
_bjH9xQRIkI,UCdxxZI5F0u0l_wY8Bimsnow,FOM Hochschule,2023-12-29T08:04:08Z,https://www.youtube.com/watch?v=_bjH9xQRIkI,"Der FOM Bachelor „UX-Design & Digital Solutions"" #FOMHochschule #UXDesign","Du bist kreativ und brennst für Technologien? Wir hätten da das passende Studium für dich: den Bachelor UX Design & Digital Solutions an der FOM Hochschule!  

UX steht für User Experience. Egal, ob Website, App oder Ticketautomat: Bei UX geht’s darum, digitale Produkte und Dienstleistungen so zu gestalten, dass sie intuitiv, ansprechend und benutzerfreundlich sind. 

Wie das funktioniert, lernst du in unserem Bachelor-Studium. Du verbindest dabei Fachgebiete wie Informatik, Marketing, Design und Psychologie. 

Zu deinen Lehrinhalten gehören Benutzerforschung, Interaktionsdesign, Prototyping und vieles mehr! Klingt spannend, oder?

Am Ende deines Studiums hast du einen staatlich und international anerkannten Bachelor-Abschluss in der Tasche. Und sicherst dir damit beste Berufsaussichten – UX-Designer sind gefragte Experten! 

Alle Infos zum Bachelor-Studiengang UX Design & Digital Solutions an der FOM Hochschule findest du auf fom.de.

#FOMHochschule #UXDesign #DigitalSolutions #Studium #Studieren #Berufsbegleitend",55,258,unknown,https://i.ytimg.com/vi/_bjH9xQRIkI/hqdefault.jpg,10,0
pLoa_BiqQJA,UCdxxZI5F0u0l_wY8Bimsnow,FOM Hochschule,2023-12-28T08:15:08Z,https://www.youtube.com/watch?v=pLoa_BiqQJA,Gute Vorsätze 2024: Studium neben dem Beruf #FOMHochschule #GuteVorsätze #Karriere,"Hast du schon gute Vorsätze für 2024? Oder noch keine Idee? Wir hätten da eine: Starte doch ein Studium neben deinem Beruf oder deiner Ausbildung! An der FOM Hochschule stehen dir dafür mehr als 50 Bachelor- und Master-Studiengänge zur Auswahl. 

#FOMHochschule #GuteVorsätze #Karriere",43,266,unknown,https://i.ytimg.com/vi/pLoa_BiqQJA/hqdefault.jpg,5,0
gDGm7OVntJk,UCdxxZI5F0u0l_wY8Bimsnow,FOM Hochschule,2023-12-21T16:18:46Z,https://www.youtube.com/watch?v=gDGm7OVntJk,Der FOM Bachelor „Angewandte Künstliche Intelligenz“ #FOMHochschule #KünstlicheIntelligenz,"Künstliche Intelligenz revolutioniert die Arbeitswelt – und bietet dir hervorragende Karrieremöglichkeiten! 

Du fragst dich jetzt, wie du zum KI-Experten wirst? Dann haben wir was für dich – und zwar den Bachelor „Angewandte Künstliche Intelligenz“ der FOM Hochschule.

Im Studium setzt du dich mit maschinellem Lernen, neuronalen Netzen und Big Data auseinander. Denn KI ist so viel mehr als ChatGPT! Und keine Sorge: Für das Studium musst du kein IT-Genie sein. 

Das Wissen aus den Vorlesungen kannst du direkt in deiner Ausbildung oder deinem Job anwenden. Und am Ende hast du einen staatlich und international anerkannten Bachelor-Abschluss der FOM Hochschule in der Tasche, mit dem du beruflich so richtig durchstarten kannst. 

Du möchtest mehr erfahren? Alle Infos zum Bachelor „Angewandte Künstliche Intelligenz“ findest du auf fom.de!

#FOMHochschule #KünstlicheIntelligenz #KI #Studieren #berufsbegleitend #FutureSkills",47,414,unknown,https://i.ytimg.com/vi/gDGm7OVntJk/hqdefault.jpg,11,0
h1mWk-LDl04,UCdxxZI5F0u0l_wY8Bimsnow,FOM Hochschule,2023-12-19T14:52:13Z,https://www.youtube.com/watch?v=h1mWk-LDl04,"Der FOM Bachelor ""Soziale Arbeit"" #fomhochschule #sozialearbeitstudium #sozialearbeit #studieren","Du willst anderen Menschen helfen und interessierst dich für den Bachelor-Studiengang ""Soziale Arbeit"" an der F O M Hochschule? An der FOM gibt es das Studium neben dem Beruf oder neben der Ausbildung.

Im Studiengang „Soziale Arbeit“ lernst du, Menschen in schwierigen Lebenssituationen zu unterstützen. Zum Beispiel bei finanziellen, psychischen oder physischen Belastungen.
 
Was sonst noch auf dem Lehrplan steht? Hier lernst du, wie wichtig die Zusammenarbeit mit Kommunen, Beratungsstellen und Therapeut-innen ist. Und, wie man zum Beispiel Hilfs- und Bedarfspläne erstellt. Das alles an praxisorientierten Beispielen und mit Lehrenden, die individuell auf deine Fragen eingehen.
 
Am Ende des Studiums steht dein international anerkannter Bachelor-Abschluss.

Mit dem Nachweis des geforderten Praxisanteils darfst du dich dann als ""staatlich anerkannte Sozialpädagogin"" bzw. ""staatlich anerkannter Sozialarbeiter"" bezeichnen.
 
Alle Infos zum Studiengang „Soziale Arbeit“ findest du auf FOM.de 

#sozialearbeitstudium #sozialearbeit #sozialearbeitstudieren #bachelorsozialearbeit #studiengängesozialearbeit #fomsozialearbeit #sozialarbeitstudium",58,1071,unknown,https://i.ytimg.com/vi/h1mWk-LDl04/hqdefault.jpg,34,0
d9rfcDan0ME,UCdxxZI5F0u0l_wY8Bimsnow,FOM Hochschule,2023-12-14T15:55:33Z,https://www.youtube.com/watch?v=d9rfcDan0ME,Das Campus Studium der FOM #fomhochschule #campusstudium #fomcampusstudium #präsenzstudium #hörsaal,"Beim Campus-Studium wählst du dir einen Studiengang aus und besuchst zusammen mit anderen Studierenden die Vorlesungen und Seminare in einem von 35 Hochschulzentren in ganz Deutschland. Dabei kannst du zwischen 50 Bachelor- und Masterstudienfächern und auch zwischen ganz unterschiedlichen Zeitmodellen frei wählen. So wie es für dich am besten passt. Schließlich sollen Freizeit und Freunde ja nicht zu kurz kommen. 

Deine Mitstudierenden und Lehrenden erlebst du im Campus-Studium hautnah und nicht nur am Bildschirm. Das schweißt zusammen! So kannst du Kontakte knüpfen, mit neuen Freunden gemeinsam lernen oder bei einem Kaffee dein berufliches Netzwerk ausbauen. Denn alle Mitstudierenden lernen – genau wie du – neben ihrem Job oder neben einer Ausbildung. 

Einzelne Veranstaltungen finden auch im Campus-Studium online statt, aber live und interaktiv. Das erhöht deine persönliche Flexibilität und fördert deine digitalen Soft Skills. Wichtig ist: Das Campus-Studium an der FOM Hochschule ist persönlich. Deine Lehrenden betreuen dich bei allen Fragen rund um das Studium.

#campusfom #campusstudium #fomcampusstudium #präsenzstudium #hörsaal",57,346,unknown,https://i.ytimg.com/vi/d9rfcDan0ME/hqdefault.jpg,11,0
ZPspg8F8Cwc,UCdxxZI5F0u0l_wY8Bimsnow,FOM Hochschule,2023-12-13T18:00:55Z,https://www.youtube.com/watch?v=ZPspg8F8Cwc,"Der FOM TopUp-Master ""Leadership"" #leadership #fommaster #masterleadership #berufsbegleitend","Im TopUp-Master-Studiengang 'Leadership' (M.A.) kannst du die die dynamische Entwicklung der Führungskultur entdecken! Unser Studium ermöglicht es dir, auf New Work, Digitalisierung, Diversität und Nachhaltigkeit in der Personalführung flexibel zu reagieren. Lerne, innovative Strategien für Change-Management zu entwickeln und zukunftsfähige Führungsinstrumente zu nutzen. Gestalte eine nachhaltige Führungskultur, baue resiliente Teams auf und nutze digitale Kommunikationsmedien effektiv.
#leadership #fommaster #masterleadership #berufsbegleitend",57,208,unknown,https://i.ytimg.com/vi/ZPspg8F8Cwc/hqdefault.jpg,4,0
8dEa4MmplRE,UCdxxZI5F0u0l_wY8Bimsnow,FOM Hochschule,2023-12-13T17:53:51Z,https://www.youtube.com/watch?v=8dEa4MmplRE,"Der FOM TopUp-Master ""Future Management"" #master #futuremanagement #berufsbegleitend #fomhochschule","Entdecke im TopUp-Master-Studiengang 'Future Management' (M.A.) die Schlüsselqualifikationen für die Arbeitswelt der Zukunft. Erlerne innovatives Denken, die Bereitschaft zur dauerhaften Veränderung und den Instinkt für prägende Megatrends. Der Fokus des Studiums liegt auf Trendanalysen, Transformationsprozessen, Geschäftsmodellkonzeption und der Anwendung neuer Technologien. Du gestaltest Unternehmen zukunftsfähig, entwirfst visionäre Unternehmensziele und entwickelst maßgeschneiderte Strategien. Werde ein Experte für die Gestaltung einer nachhaltigen Unternehmenslandschaft.

#fomhochschule #fommaster #futuremanagement #berufsbegleitend",43,161,unknown,https://i.ytimg.com/vi/8dEa4MmplRE/hqdefault.jpg,6,0
XGrk9LtP0QY,UCdxxZI5F0u0l_wY8Bimsnow,FOM Hochschule,2023-12-06T10:18:45Z,https://www.youtube.com/watch?v=XGrk9LtP0QY,Das Digitale Live-Studium der FOM Hochschule #StudierennebendemBeruf #DigitalStudieren #Shorts,"Wie funktioniert das Digitale Live-Studium der FOM Hochschule?

Beim Digitalen Live-Studium der FOM Hochschule studierst du in virtueller Präsenz, also online. Du besuchst interaktive Live-Vorlesungen, die aus modernen Hightech-TV-Studios gesendet werden. 

Das heißt: Egal, wo du gerade bist – ob zuhause, unterwegs, im Büro oder im Ausland – du kannst dich von überall zu deinen Vorlesungen zuschalten. Ganz einfach mit Laptop oder Tablet. Du bist also maximal flexibel.

Der große Unterschied zu einem Fernstudium: Du kannst auch während der Vorlesung live mit deinen Lehrenden und Mitstudierenden kommunizieren. Und an Diskussionen teilnehmen. Du studierst also nicht allein, sondern profitierst von den Vorteilen eines klassischen Präsenzstudiums. 

Und: Solltest du einmal eine Live-Vorlesung verpassen, ist das überhaupt kein Problem: Alle Vorlesungen werden aufgezeichnet und dir in einer großen Mediathek zur Verfügung gestellt. Auf einer Digitalen Lernplattform stehen dir außerdem viele weitere Lernmedien zur Verfügung – zum Beispiel Podcasts oder Video-Tutorials.

Du willst mehr erfahren? Alle Infos rund um das Digitale Live-Studium findest du auf fom.de!

#StudierennebendemBeruf #Digitalstudieren #Shorts #FOMHochschule",59,255,unknown,https://i.ytimg.com/vi/XGrk9LtP0QY/hqdefault.jpg,16,0
Yug4ICzh1J0,UCdxxZI5F0u0l_wY8Bimsnow,FOM Hochschule,2023-12-06T09:59:14Z,https://www.youtube.com/watch?v=Yug4ICzh1J0,FOM Sonderprogramm „Study into the job” #DualesStudium #FOMHochschule #DualStudieren #Shorts,"Dual studieren an der FOM Hochschule OHNE Ausbildungsplatz – geht das?

Ja, das geht! Mit dem FOM Sonderprogramm „Study into the job” kannst du ein Bachelor-Studium an der FOM beginnen. Auch wenn du noch keinen Ausbildungsplatz oder kein Traineeship, Volontariat oder Praktikum für ein Duales Studium gefunden hast. 

Und das Beste: Die FOM Hochschule unterstützt dich während der ersten drei Semester bei der Suche nach einer passenden Stelle!

Das heißt konkret: 
Du nimmst zusätzlich zu deinen Lehrveranstaltungen an virtuellen Workshops, Trainings und Vorträgen teil. Zum Beispiel an einem Bewerbungstraining zur Vorbereitung auf Vorstellungsgespräche oder auch an Speed-Datings mit Unternehmen. 

Du möchtest mehr erfahren? Alle Infos zum FOM Sonderprogramm „Study into the job“ findest du auf fom.de!

#DualesStudium #FOMHochschule #DualStudieren #Karriere  #Studyintothejob #Studium #studieren #DualStudieren",47,169,unknown,https://i.ytimg.com/vi/Yug4ICzh1J0/hqdefault.jpg,12,0
NyKbfdH3zD8,UCdxxZI5F0u0l_wY8Bimsnow,FOM Hochschule,2023-12-06T09:48:01Z,https://www.youtube.com/watch?v=NyKbfdH3zD8,Das Duale Studium an der FOM Hochschule #DualesStudium #FOMHochschule #Shorts,"Wie läuft das Duale Studium an der FOM Hochschule ab?

Beim Dualem Studium an der FOM Hochschule verbindest du ein Bachelor-Studium mit einer Ausbildung, einem Traineeship, einem Volontariat oder einem Praktikum. 

Mit dieser besonderen Kombi aus Theorie und Praxis hast du große Vorteile:

Erstens: Du sammelst bereits während deines Bachelor-Studiums wertvolle Berufserfahrungen. 

Zweitens: Du verdienst schon während deines Studiums dein eigenes Geld.

Und: In der Regel übernimmt der Ausbildungsbetrieb sogar komplett oder anteilig deine Studiengebühren. 

Drittens: Mit einem Dualen Studium hast du große Chancen, dass du von deinem Ausbildungsbetrieb übernommen wirst – und schneller Karriere machst. 

Du möchtest mehr erfahren? Alle Infos zum Dualen Studium an der FOM findest du auf fom.de!

#DualesStudium #FOMHochschule #shorts #StudierennebenderAusbildung #studieren #DualStudieren #Studium #Hochschule #Karriere",43,303,unknown,https://i.ytimg.com/vi/NyKbfdH3zD8/hqdefault.jpg,14,0
AnHTFzEhopA,UCdxxZI5F0u0l_wY8Bimsnow,FOM Hochschule,2023-11-15T15:59:30Z,https://www.youtube.com/watch?v=AnHTFzEhopA,FOM Nachfolgemonitor 2023: Demografischer Wandel trifft deutschen Mittelstand,"Viele kleine und mittlere Unternehmen (KMU) in Deutschland suchen nach einem Nachfolger in der Chefetage. Doch die Suche gestaltet sich für Unternehmerinnen und Unternehmer zunehmend schwierig. Ihr durchschnittliches Alter zum Zeitpunkt der Übergabe ist erneut gestiegen, wie aus dem „Nachfolgemonitor 2023“ der FOM Hochschule hervorgeht. Gleichzeitig zeigt die fünfte Auflage der Studie, dass übernommene Unternehmen Wachstumspotenzial haben.

Für den diesjährigen Nachfolgemonitor wurden mehr als 9000 Unternehmensnachfolgen aus den Jahren 2013 bis 2022 untersucht.

Mit dabei waren: Dr. Michael Munsch (Creditreform Rating AG), Manfred Thivessen (Bürgschaftsbank NRW), Jeannette Peters (Moderation), Dr. Nikolaus Paffenholz (IHK Düsseldorf), Christine Währisch (Referatsleiterin Bürgschaften, Unternehmenssicherung und -finanzierung im NRW-Wirtschaftsministerium) und Prof. Dr. Holger Wassermann (FOM Hochschule).

Die Veranstaltung wurde live aus den FOM TV-Studios gesendet.

Ihr habt das Event verpasst? Dann schaut euch unbedingt hier unsere Aufzeichnung an!",5850,618,unknown,https://i.ytimg.com/vi/AnHTFzEhopA/hqdefault.jpg,3,0
1-LuxoDvxCM,UCdxxZI5F0u0l_wY8Bimsnow,FOM Hochschule,2023-10-27T12:10:30Z,https://www.youtube.com/watch?v=1-LuxoDvxCM,"Wie kann ich das Studienmodell, Zeitmodell oder Hochschulzentrum wechseln?","Du möchtest das Zeitmodell, dein Hochschulzentrum oder vom Campus-Studium in das Digitale Live-Studium wechseln? Unsere Studienberatung erklärt, wie das geht.",72,567,unknown,https://i.ytimg.com/vi/1-LuxoDvxCM/hqdefault.jpg,2,0
UmcTYnnsygM,UCdxxZI5F0u0l_wY8Bimsnow,FOM Hochschule,2023-10-20T06:00:12Z,https://www.youtube.com/watch?v=UmcTYnnsygM,Cyberangriff auf den Mittelstand: Von Hackern und Helden,"Deutschlands Mittelstand ist in Gefahr. Nicht nur die schwächelnde Konjunktur macht den Unternehmen zu schaffen. Sie müssen sich auch immer häufiger gegen Angriffe aus dem Netz wehren. Laut einer HDI Cyber-Studie ist jedes dritte mittelständische Unternehmen in Deutschland in den letzten Jahren Opfer einer Cyberattacke geworden, Tendenz steigend.
Im Gegensatz zu globalen Konzernen verfügen kleine und mittlere Unternehmen häufig noch nicht über die finanziellen, personellen und technischen Ressourcen, um sich vor solchen Angriffen zu schützen.

Rund 1000 Zuschauerinnen und Zuschauer konnten am 19. Oktober bei einem Live-Experiment aus den FOM TV-Studios ansehen, wie ein Hackerangriff abläuft. Sie schalteten sich online zur Live-Übertragung eines simulierten Cyberangriffs dazu. 

Unsere Gäste waren: Benjamin Gnahm, der über seine ehemalige „Hacker-Karriere“ sprach, der Ex-Geheimdienstler Marcel Asperdt, FOM Dozentin Verena Lang und Hyun-Dee Ro von DIGITAL.SICHER.NRW. Moderiert wurde die Veranstaltung von unserem Moderator Markus Tirok.

Ihr habt das Event verpasst? Dann schaut euch unbedingt hier unsere Aufzeichnung an!

Übrigens: Kennt ihr schon unsere berufs- bzw. ausbildungsbegleitenden Studiengänge im Bereich #CyberSecurity? Werdet zur Expertin oder zum Experten für Cybersicherheit! Mehr Infos auf fom.de.",5296,4701,de,https://i.ytimg.com/vi/UmcTYnnsygM/hqdefault.jpg,129,2
6cpLO5sIwz0,UCdxxZI5F0u0l_wY8Bimsnow,FOM Hochschule,2023-10-18T13:21:10Z,https://www.youtube.com/watch?v=6cpLO5sIwz0,Wie funktioniert der Online-Campus der FOM Hochschule?,"Semesterpläne, Prüfungstermine und vieles mehr: Der Online-Campus unterstützt dich bei der Organisation deines Bachelor- oder Master-Studiums an der FOM Hochschule. Unsere Studienberatung stellt dir in diesem Video die Funktionen des Tools genauer vor.",94,2066,unknown,https://i.ytimg.com/vi/6cpLO5sIwz0/hqdefault.jpg,9,0
T8-0uidBQqg,UCdxxZI5F0u0l_wY8Bimsnow,FOM Hochschule,2023-10-16T10:47:03Z,https://www.youtube.com/watch?v=T8-0uidBQqg,Lebenslanges Lernen - mit Ole Knoblich im Gespräch,"Ole Knoblich ist Inhaber und Geschäftsführer eines etablierten Pflegedienstes. Er berichtet über seine Motivation , neben dem Beruf noch im Präsenzstudium den Bachelor- und schließlich seinen Master-Abschluss zu machen. Wie gestaltet sich sein Alltag? Was hat man davon, wenn man doch schon Chef ist? Motivierende Antworten aus dem Büro eines Mittelständlers.",1601,490,unknown,https://i.ytimg.com/vi/T8-0uidBQqg/hqdefault.jpg,8,1
nbL1XjU6dGQ,UCdxxZI5F0u0l_wY8Bimsnow,FOM Hochschule,2023-10-11T11:04:02Z,https://www.youtube.com/watch?v=nbL1XjU6dGQ,Kann ich während des FOM Studiums Auslandserfahrung sammeln?,Du möchtest während deines Bachelor- oder Master-Studiums an der FOM Hochschule internationale Erfahrungen sammeln? Unsere Studienberatung stellt dir in diesem Video deine Möglichkeiten vor.,74,359,de,https://i.ytimg.com/vi/nbL1XjU6dGQ/hqdefault.jpg,3,0
AIy2nkFIUZ8,UCdxxZI5F0u0l_wY8Bimsnow,FOM Hochschule,2023-09-29T08:06:29Z,https://www.youtube.com/watch?v=AIy2nkFIUZ8,Study-Work-Life-Balance - Mit Janina Schaub im Gespräch,"Janina Schaub ist eine äußerst zielstrebige und gleichzeitig entspannte junge Frau, die schon früh wusste, was sie wollte. Bereits im Alter von 14 Jahren informierte sie sich mit ihren Eltern über Studienmöglichkeiten an der FOM. Heute ist sie Consultant, macht ein Bachelor-Studium und ist Yoga-Lehrerin. Wie schafft man es, bei so einem Pensum locker zu bleiben? Und wie behält man seine Ziele im Blick? Und was spielt Yoga dabei für eine Rolle? Diese Fragen zu beantworten, ist für Janina eine leichte Übung.",1255,302,unknown,https://i.ytimg.com/vi/AIy2nkFIUZ8/hqdefault.jpg,2,0
btbSljH9kM0,UCdxxZI5F0u0l_wY8Bimsnow,FOM Hochschule,2023-09-28T06:32:00Z,https://www.youtube.com/watch?v=btbSljH9kM0,Zeitmanagement - Mit Olympiasieger Oliver Zeidler im Gespräch,"Oliver Zeidler hat Außergewöhnliches geschafft: 2016 konnte er noch gar nicht rudern – ein paar Jahre später wird er Ruderweltmeister. Parallel dazu hat er in einer Steuerkanzlei gearbeitet und seinen „Bachelor of Laws“ im Dualen Studium an der FOM Hochschule absolviert. Eine unglaubliche Geschichte – und ein unglaubliches Zeitmanagement.

Der Journalist Markus Tirok ist deutschlandweit unterwegs, um von Studierenden und Absolventen der FOM zu lernen, welche Wege zum akademischen Abschluss führen. Über 100.000 sehr persönliche Erfolgsgeschichten haben Studierende bereits mit der FOM geschrieben.",1435,1072,unknown,https://i.ytimg.com/vi/btbSljH9kM0/hqdefault.jpg,14,0
pDsUxlx4mCI,UCdxxZI5F0u0l_wY8Bimsnow,FOM Hochschule,2023-09-28T05:22:17Z,https://www.youtube.com/watch?v=pDsUxlx4mCI,Wie studiert man im Digitalen Live-Studium der FOM Hochschule?,"Unsere Studienberatung informiert Dich hier über das Digitale Live-Studium der FOM Hochschule - gesendet aus den Hightech-TV-Studios der FOM. Ganz gleich, wo Du Dich gerade aufhältst, Dein digitalster Hörsaal ist nur einen Klick entfernt: Schalte Dich ortsunabhängig in Dein Digitales Live-Studium mit interaktiven Live-Vorlesungen und Mediathek.",79,2267,unknown,https://i.ytimg.com/vi/pDsUxlx4mCI/hqdefault.jpg,12,0
LVlIGwW9TY0,UCdxxZI5F0u0l_wY8Bimsnow,FOM Hochschule,2023-09-26T09:22:25Z,https://www.youtube.com/watch?v=LVlIGwW9TY0,"„Begeisterungsfähigkeit ist eine der wichtigsten Eigenschaften, um beruflich weiterzukommen.""","Wie sie ihren Vollzeitjob als Klassenlehrerin, das berufebgelitende Studium an der FOM und zusätzliche Schichten beim Rettungsdienst zeitlich managt? „Ich time alles bis ins kleinste Detail und bin sehr penibel mit meinem Zeitplan“, schmunzelt Christin Scherf. „Dass ich das mache, was mir Spaß macht, ist die größte Motivation.“",100,85,unknown,https://i.ytimg.com/vi/LVlIGwW9TY0/hqdefault.jpg,0,1
IQ7f7DsDX7o,UCdxxZI5F0u0l_wY8Bimsnow,FOM Hochschule,2023-09-15T13:51:37Z,https://www.youtube.com/watch?v=IQ7f7DsDX7o,„Der Master war der nächste Schritt in meiner Karriere“,"Den Job aufgegeben, sich selbstständig gemacht und mit einer Online-Plattform für Gründerinnen ein eigenes Start-up gegründet: Svenja Bremer hat diesen Schritt gewagt und nicht bereut. Denn sie kann das tun, was sie am liebsten macht – kreativ sein, Ideen und Geschäftsmodelle weiterentwickeln und anderen Frauen bei ihren Business-Plänen weiterhelfen. Die Idee dazu hatte die FOM Absolventin während ihres Master-Studiums.",91,106,unknown,https://i.ytimg.com/vi/IQ7f7DsDX7o/hqdefault.jpg,0,0
ybTsGcyeC4A,UCdxxZI5F0u0l_wY8Bimsnow,FOM Hochschule,2023-09-15T13:49:10Z,https://www.youtube.com/watch?v=ybTsGcyeC4A,"„Was ich mache, soll Impact haben.""","Fokussiert treibt Matthias Brimmers seine Karriere voran – mit viel Ehrgeiz, großem Wissensdurst und einem berufsbegleitenden Studium an der FOM. Gestartet ist der gebürtige Düsseldorfer mit einer Lehre zum Industriekaufmann, heute ist er Experte für Personalentwicklung bei einem Weltkonzern.",88,51,unknown,https://i.ytimg.com/vi/ybTsGcyeC4A/hqdefault.jpg,0,0
eAoiMtXbMBM,UCdxxZI5F0u0l_wY8Bimsnow,FOM Hochschule,2023-09-15T13:45:51Z,https://www.youtube.com/watch?v=eAoiMtXbMBM,Start-up-Gründung im Studium,"Statt nur über Pläne zu sprechen, setzt die FOM Absolventin Seval diese zielstrebig um. Für ihren Traum von einem Studium hat sie in den vergangenen Jahren ihr gesamtes Leben umgekrempelt. Neben Job und Studium gründete die alleinerziehende Mutter ihr eigenes Start-up. Der Sprung in die Selbständigkeit ist ihr gelungen.",79,82,unknown,https://i.ytimg.com/vi/eAoiMtXbMBM/hqdefault.jpg,0,0
TTgxDGbLrhI,UCdxxZI5F0u0l_wY8Bimsnow,FOM Hochschule,2023-09-15T13:41:08Z,https://www.youtube.com/watch?v=TTgxDGbLrhI,Nicole ist eine Macherin und startet im Healthcare-Bereich durch,"Ginge es nach Nicole Ginter, hätte jeder Tag mehr als 24 Stunden. Denn Langeweile ist für die 29-Jährige ein absolutes Fremdwort. In Essen leitet sie zwei Gesundheitskioske: Dort werden Menschen mit besonderem Unterstützungsbedarf zu Gesundheitsfragen beraten. Berufsbegleitend studiert Nicole den Master „Public Health“ an der FOM.",85,133,unknown,https://i.ytimg.com/vi/TTgxDGbLrhI/hqdefault.jpg,2,0
f5CoiMcVA00,UCdxxZI5F0u0l_wY8Bimsnow,FOM Hochschule,2023-09-15T13:38:42Z,https://www.youtube.com/watch?v=f5CoiMcVA00,"„Du bist nie zu alt, um dir neue Ziele zu setzen.""","Mit Ü40 ein berufsbegleitendes Bachelor-Studium beginnen? Und danach sogar noch einen Master dranhängen? Für Anton S. Quinsten war das genau die richtige Entscheidung. Warum das Alter im Hörsaal keine Rolle spielt, hat er uns im Gespräch erzählt.",72,119,unknown,https://i.ytimg.com/vi/f5CoiMcVA00/hqdefault.jpg,1,0
VyU0kXfltwE,UCdxxZI5F0u0l_wY8Bimsnow,FOM Hochschule,2023-09-15T13:34:36Z,https://www.youtube.com/watch?v=VyU0kXfltwE,"„Es spricht alles für ein berufsbegleitendes Studium""","Sein berufliches Ziel hat Alexander Nolte klar vor Augen: Er will in seinem Job Verantwortung übernehmen und Führungskraft werden. Wie der FOM Doppelabsolvent das schaffen will und welche Rolle ein zweites berufsbegleitendes Master-Studium dabei spielen könnte, hat er uns in einem persönlichen Gespräch erzählt.",70,399,unknown,https://i.ytimg.com/vi/VyU0kXfltwE/hqdefault.jpg,1,0
wZuOIOSpgKI,UCdxxZI5F0u0l_wY8Bimsnow,FOM Hochschule,2023-09-15T13:31:56Z,https://www.youtube.com/watch?v=wZuOIOSpgKI,Gefragte Future Skills in der Arbeitswelt,"Ob im Hörsaal vor Ort oder in virtueller Präsenz: Wer berufsbegleitend studiert, erlangt eine Vielzahl von Kompetenzen. Wir haben mit Prof. Dr. Anja Seng, FOM Expertin für Personalmanagement, über gefragte Future Skills, die Besonderheiten des berufsbegleitenden Studiums und die Bedeutung von Vielfalt an der FOM Hochschule gesprochen.",117,89,unknown,https://i.ytimg.com/vi/wZuOIOSpgKI/hqdefault.jpg,0,0
m425pJD4AGI,UCdxxZI5F0u0l_wY8Bimsnow,FOM Hochschule,2023-09-15T13:28:32Z,https://www.youtube.com/watch?v=m425pJD4AGI,Anfangen mit Weiterkommen,"Selina Schröter weiß, was sie will. Die 25-Jährige ist selbstbewusst, lebt in Köln, arbeitet bei Siemens und studiert neben dem Beruf an der FOM. Wir haben sie erzählen lassen, wie sie das alles so macht: Job, Studium, Beziehung und Leben.",88,118,unknown,https://i.ytimg.com/vi/m425pJD4AGI/hqdefault.jpg,0,0
k9xDSKQynHs,UCdxxZI5F0u0l_wY8Bimsnow,FOM Hochschule,2023-09-15T13:21:15Z,https://www.youtube.com/watch?v=k9xDSKQynHs,Mit dem Studium neue Kompetenzen aufbauen,"Prof. Dr. Christoph Schönfelder ist Experte für Employee Engagement und lehrt an der FOM Hochschule Personal- und Organisationsentwicklung. Im Interview spricht er über die Vorteile eines berufsbegleitenden Studiums, den Theorie-Praxis-Transfer und den Stellenwert von Teamkultur.",79,92,unknown,https://i.ytimg.com/vi/k9xDSKQynHs/hqdefault.jpg,2,0
Q_qwOzuSBgw,UCdxxZI5F0u0l_wY8Bimsnow,FOM Hochschule,2023-09-15T13:21:09Z,https://www.youtube.com/watch?v=Q_qwOzuSBgw,Im Gesundheitswesen etwas bewegen? Simon geht’s an!,"Simon Büngener hat eine klare Mission: Er möchte fachfremde Menschen für den Pflegenotstand sensibilisieren und einen sinnvollen Beitrag für Pflegekräfte und Patienten leisten. Uns hat er erzählt, was ihn antreibt und wie das berufsbegleitende Studium an der FOM Hochschule ihm seinem Ziel ein Stück näherbringt.",67,43,unknown,https://i.ytimg.com/vi/Q_qwOzuSBgw/hqdefault.jpg,0,0
m_n4a1P7sHw,UCdxxZI5F0u0l_wY8Bimsnow,FOM Hochschule,2023-09-15T13:21:05Z,https://www.youtube.com/watch?v=m_n4a1P7sHw,Prof. Dr. Julia Naskrent: „Die beste Zeit für ein Studium ist JETZT“,"Die Marketing-Expertin Prof. Dr. Julia Naskrent gibt Tipps, wie sich berufsbegleitend Studierende motivieren können und welche Soft Skills sie im Studium an der FOM entwickeln. „Die Lehre ist meine Berufung“, sagt die Dozentin, die bereits seit 13 Jahren an der FOM Hochschule im Einsatz ist. Was sie antreibt? Auch darüber haben wir mit ihr im Interview gesprochen.",98,361,unknown,https://i.ytimg.com/vi/m_n4a1P7sHw/hqdefault.jpg,2,0
NGpJTyQpJfY,UCdxxZI5F0u0l_wY8Bimsnow,FOM Hochschule,2023-09-15T13:21:01Z,https://www.youtube.com/watch?v=NGpJTyQpJfY,"„Es ist nie zu spät zu lernen“ – Professor Kantermann erklärt, warum","Warum ist es so wichtig, lebenslang zu lernen? Wie eignet man sich am besten neues Wissen an? Und was sind die Vorteile eines berufsbegleitenden Studiums? Darüber haben wir mit Prof. Dr. habil. Thomas Kantermann, Experte für Chronobiologie und Gesundheitspsychologie an der FOM Hochschule, gesprochen.",80,126,unknown,https://i.ytimg.com/vi/NGpJTyQpJfY/hqdefault.jpg,2,0
SShPuR2zOMw,UCdxxZI5F0u0l_wY8Bimsnow,FOM Hochschule,2023-09-15T13:07:02Z,https://www.youtube.com/watch?v=SShPuR2zOMw,Gemeinsam lernen auf Augenhöhe,"Prof. Dr. Henrik Dindas lehrt im Studiengang „Betriebswirtschaft & Wirtschaftspsychologie“ an der FOM Hochschule – sowohl im Hörsaal als auch im Digitalen Live-Studium. Im Interview spricht er über Future Skills für die Arbeitswelt der Zukunft, die Vorteile eines berufsbegleitenden Studiums und verrät, was die Vorlesungen mit Berufstätigen so besonders macht.",87,145,unknown,https://i.ytimg.com/vi/SShPuR2zOMw/hqdefault.jpg,1,0
92Uj8aNK84A,UCdxxZI5F0u0l_wY8Bimsnow,FOM Hochschule,2023-09-15T13:05:02Z,https://www.youtube.com/watch?v=92Uj8aNK84A,"Laura über Herausforderungen, Erfolge, Aha-Momente","Offen, selbstbewusst und beruflich erfolgreich als HR Business Partnerin: Laura Clemens ist angekommen, im Leben und im Beruf. Und das mit gerade mal 26 Jahren. Wie die FOM Absolventin das geschafft hat und welche Rolle ihr berufsbegleitendes Studium dabei spielte, verrät sie uns im persönlichen Gespräch.",63,71,unknown,https://i.ytimg.com/vi/92Uj8aNK84A/hqdefault.jpg,0,0
vEcUREc3idQ,UCdxxZI5F0u0l_wY8Bimsnow,FOM Hochschule,2023-09-15T12:55:10Z,https://www.youtube.com/watch?v=vEcUREc3idQ,"Weiterkommen von da, wo du bist.","Wer berufsbegleitend studiert, ist von einer besonderen Motivation getrieben: seine eigene Erfolgsgeschichte neu zu schreiben, weiterzukommen – beruflich und persönlich. Doch was genau treibt unsere Studierenden eigentlich an? Wo sehen sie ihre Perspektiven? Und was waren ihre größten Herausforderungen beim Bachelor- oder Master-Studium neben dem Beruf? Im FOM Podcast und in unserem Interview-Format „Momente“ erzählen sie von ihrem Weg und geben authentische Einblicke in ihre Erfahrungen. Lehrende der FOM berichten außerdem aus ihrer Sicht, was das berufsbegleitende Studium der FOM ausmacht, wie es dazu beiträgt, neue Kompetenzen zu entwickeln und warum es nie zu spät ist, Neues zu lernen.",7,129,unknown,https://i.ytimg.com/vi/vEcUREc3idQ/hqdefault.jpg,0,0
7Ozr64jWgKg,UCdxxZI5F0u0l_wY8Bimsnow,FOM Hochschule,2023-06-06T12:27:55Z,https://www.youtube.com/watch?v=7Ozr64jWgKg,Dein Karriere-Booster: Das Duale Studium Telekom x FOM,"Studieren, praktische Erfahrung sammeln und bereits Geld verdienen: Das geht mit der #FOMHochschule und der Deutsche Telekom. Bei einer gemeinsamen Online-Infoveranstaltung im Hightech-TV-Studio der FOM haben wir am 5. Juni 2023 die Möglichkeiten rund um das Duale Studium an der FOM Hochschule und bei der Telekom vorgestellt. 🙌

Das Programm: 

➡️ Paul Brodny und Younes El Battahi, die ihr Duales Studium an der FOM absolvieren, geben Einblicke in ihren Alltag bei der Telekom
➡️ Alle Infos über Studiengänge, die im Rahmen der Kooperation angeboten werden
➡️ Vorstellung verschiedener Zeitmodelle, mit denen sich Praxisphasen und Studium ideal miteinander kombinieren lassen
➡️ Überblick über die Vorteile eines Dualen Studiums
➡️ Vorstellung der Ansprechpartnerinnen und Ansprechpartner der Telekom und der FOM Hochschule, die alle Fragen beantworten

Moderiert wurde die Veranstaltung von Markus Tirok.

#FOMxTelekom #DualesStudium #Bachelor",4125,1653,unknown,https://i.ytimg.com/vi/7Ozr64jWgKg/hqdefault.jpg,27,0
i6LRf7SLS-g,UCdxxZI5F0u0l_wY8Bimsnow,FOM Hochschule,2023-03-30T17:43:06Z,https://www.youtube.com/watch?v=i6LRf7SLS-g,Der unsichtbare Feind: Wie Cyber-Attacken Wirtschaft und Gesellschaft bedrohen,"„Die Bedrohung im Cyber-Raum ist so hoch wie nie“, warnt das Bundesamt für Sicherheit in der Informationstechnik (BSI). Krankenhäuser, Schulen, Kraftwerke, Landes- und Bundesbehörden werden Opfer von Cyberkriminalität. Es geht um Erpressung und Datendiebstahl. Der Schaden für die deutsche Wirtschaft belief sich, laut einer repräsentativen Studie des Digitalverbandes Bitkom, im Jahr 2022 auf mehr als 200 Milliarden Euro. Trotz der wachsenden Bedrohung ist es um die IT-Sicherheit von Unternehmen und Behörden meist nicht gut bestellt. Welche existenzbedrohenden Auswirkungen Unternehmen und Öffentlichkeit befürchten müssen und wie Cybercrime bekämpft werden kann, diskutierten Expertinnen und Experten am 30. März live im Virtual Classroom der FOM Hochschule. 

Unsere Talk-Gäste: 

Carsten Meywirth, Leiter der Abteilung Cybercrime beim Bundeskriminalamt (BKA)
Jessica Keiser, Vice President Cyber Defense Center der Bayer AG
Alexandros Manakos, CEO Apollon Security und Dozent im Bereich Cyber Security an der FOM-Hochschule
Nadine Nagel, Mitglied im Kuratorium des Fraunhofer-Instituts für Offene Kommunikationssysteme
Daniel Persch, CTO und IT Architect Security bei der QGroup GmbH

Moderation: Markus Tirok",5539,1791,unknown,https://i.ytimg.com/vi/i6LRf7SLS-g/hqdefault.jpg,38,1
VRv8-5SESVI,UCdxxZI5F0u0l_wY8Bimsnow,FOM Hochschule,2023-01-31T18:49:33Z,https://www.youtube.com/watch?v=VRv8-5SESVI,Zukunft der Arbeit – Mit New Work gegen den Fachkräftemangel?,"Bedroht der Fachkräftemangel unseren Wohlstand? Im hochmodernen TV-Studio der FOM Hochschule diskutierten am 31. Januar 2023 Expertinnen und Experten aus Wirtschaft und Wissenschaft die aktuelle Situation, zukünftige Trends und mögliche Szenarien.",5101,2538,unknown,https://i.ytimg.com/vi/VRv8-5SESVI/hqdefault.jpg,36,3
xuz-h-LTdxk,UCdxxZI5F0u0l_wY8Bimsnow,FOM Hochschule,2022-12-21T15:33:20Z,https://www.youtube.com/watch?v=xuz-h-LTdxk,Das kranke Krankenhaus – zwischen etabliertem Stillstand und „revolutionären“ Sprüngen,"Bei unserer Sonderveranstaltung  „Das kranke Krankenhaus“ haben hochkarätige Expertinnen und Experten über die Krankenhausreform in Deutschland diskutiert. 

Unsere Speaker:

🔸 Prof. Dr. Dietrich Grönemeyer | Mediziner, Medizinunternehmer und Autor
🔸 Prof. Dr. Klaus Hekking | Jurist, Manager von Bildungs- und Gesundheitsunternehmen, ehemaliger Vorstandsvorsitzender SRH Holding
🔸 Prof. Dr. Jochen A. Werner | Ärztlicher Direktor und Vorstandsvorsitzender Universitätsklinikum Essen
🔸 Sandra Waldermann-Scherhak | Gründerin des Health-Startups MOVINDA und Studentin des FOM Master-Studiengangs „Public Health“
🔸 Volkan Kurmali | Pflegefachkraft und Student des FOM Bachelor-Studiengans „Pflege und Digitalisierung“
🔸 Prof. Dr. Dipl.-Ing. Michael Friebe | Gründungsdirektor des CIBE Center for Innovation, Business Development & Entrepreneurship der FOM Hochschule 

Moderation:

🔸 Prof. Dr. David Matusiewicz | Dekan für Gesundheit & Soziales an der FOM Hochschule",5842,830,unknown,https://i.ytimg.com/vi/xuz-h-LTdxk/hqdefault.jpg,12,3
vnBjuNYta64,UCdxxZI5F0u0l_wY8Bimsnow,FOM Hochschule,2022-03-28T12:07:57Z,https://www.youtube.com/watch?v=vnBjuNYta64,Kurzportrait der FOM Hochschule,"Die auf Initiative der gemeinnützigen Stiftung BildungsCentrum der Wirtschaft gegründete, staatlich anerkannte FOM Hochschule ist mit über 57.000 Studierenden eine der größten Hochschulen Europas. An 36 Hochschulzentren halten mehr als 2.000 Professorinnen, Professoren und erfahrene Dozierende aus der Wirtschaft Präsenzvorlesungen. Seit dem Wintersemester 2021 bietet die FOM jetzt zusätzlich ein Digitales Live-Studium an, das neue Standards in der Hochschullehre setzt, indem Vorlesungen live und online aus multifunktionalen Studios übertragen werden. Der enge Kontakt zu den Lehrenden sowie zur Studienberatung bietet eine optimale Betreuung der Studierenden.",241,6843,unknown,https://i.ytimg.com/vi/vnBjuNYta64/hqdefault.jpg,41,1
jTkD7WhFYbI,UCdxxZI5F0u0l_wY8Bimsnow,FOM Hochschule,2021-12-21T16:01:50Z,https://www.youtube.com/watch?v=jTkD7WhFYbI,FOM University of Applied Sciences – International Cooperations,For further information regarding international cooperations as well as contact information of the FOM International Office please visit our website: https://www.fom.de/fom-international.html,198,4594,unknown,https://i.ytimg.com/vi/jTkD7WhFYbI/hqdefault.jpg,57,5
UTMbHQmNS7g,UCdxxZI5F0u0l_wY8Bimsnow,FOM Hochschule,2021-09-23T08:08:12Z,https://www.youtube.com/watch?v=UTMbHQmNS7g,Semestereröffnung des Digitalen Live-Studiums,"„Das Digitale Live-Studium setzt neue Qualitätsstandards und revolutioniert das erfolgreiche Studieren.“ In dieser Woche durften wir die erste Generation der Digital-Studierenden an der FOM begrüßen – aus den hochmodernen FOM Studios per interaktivem Livestream direkt zu den Studierenden nach Hause.

Aufgepasst! Kurzfristige Anmeldungen zum Wintersemester 2021 sind noch möglich – Jetzt für einen der vier berufsbegleitenden Bachelor-Studiengänge entscheiden: Business Administration, Betriebswirtschaft & Wirtschaftspsychologie, Soziale Arbeit oder Wirtschaftsrecht.",112,3402,unknown,https://i.ytimg.com/vi/UTMbHQmNS7g/hqdefault.jpg,29,2
t8Wac5Dru8M,UCdxxZI5F0u0l_wY8Bimsnow,FOM Hochschule,2021-09-03T09:55:28Z,https://www.youtube.com/watch?v=t8Wac5Dru8M,Erster Blick hinter die Kulissen des Digitalen Live-Studiums,"Premiere! Hochmoderne FOM Studios und der Virtual Class Room als Herzstück der digitalen Lehre – erstmals werfen wir gemeinsam einen Blick hinter die Kulissen. Die multifunktionale Technik gepaart mit neuen didaktischen Lehrkonzepten und der digitalen Lernplattform bildet die Basis für den Studienerfolg.

Jetzt noch zum Semesterstart im September anmelden und mit dem berufsbegleitenden Bachelor-Studium in virtueller Präsenz ortsunabhängig und flexibel durchstarten: fom-digital.de",62,1845,unknown,https://i.ytimg.com/vi/t8Wac5Dru8M/hqdefault.jpg,10,3
DO367rV3pCQ,UCdxxZI5F0u0l_wY8Bimsnow,FOM Hochschule,2021-04-19T09:09:37Z,https://www.youtube.com/watch?v=DO367rV3pCQ,Digitales Live-Studium an der FOM,"Ab dem Wintersemester 2021 bietet Deutschlands Hochschule für Berufstätige, die FOM Hochschule, zusätzlich zum Präsenzstudium ein digitales, interaktives Live-Studium in virtueller Präsenz an – mit qualitativ hochwertigen Vorlesungen aus multifunktionalen FOM Studios! Dazu eine digitale Lernplattform und Mediathek, die es unseren Studierenden ermöglicht, völlig flexibel jederzeit und von jedem Ort Lernmaterialien, Tutorials und Vorlesungs-Aufzeichnungen abzurufen. Mehr unter www.fom-digital.de",19,1249,unknown,https://i.ytimg.com/vi/DO367rV3pCQ/hqdefault.jpg,6,0
O2WN7XcppbE,UCdxxZI5F0u0l_wY8Bimsnow,FOM Hochschule,2020-01-24T14:22:33Z,https://www.youtube.com/watch?v=O2WN7XcppbE,Steuerliche Absetzbarkeit von Aufwendungen für ein FOM Studium,"Im Video erfahren Studierende sowie Interessenten, welche Aufwendungen eines berufsbegleitenden Studiums an der FOM Hochschule sich steuerlich absetzen lassen. Tipps von Christoph Juhn, Steuerberater und Lehrender an der FOM Hochschule.",1260,15975,unknown,https://i.ytimg.com/vi/O2WN7XcppbE/hqdefault.jpg,339,15
TxG342J07DE,UCdxxZI5F0u0l_wY8Bimsnow,FOM Hochschule,2019-07-17T10:22:01Z,https://www.youtube.com/watch?v=TxG342J07DE,Aviation Management an der FOM Hochschule,"Die FOM Hochschule bietet den Bachelor-Studiengang Business Administration mit Hochschulzertifikat Aviation Management an. Dieses umfasst die nachfolgenden Inhalte:
 
Aviation, Air Traffic & Transport Policy
Airport Management & Infrastructure
Safety- & Security-Management
Information Management

Der Studiengang lässt sich optimal mit einer Ausbildung zum Verkehrsflugzeugführer kombinieren, steht allerdings auch allen anderen offen, die sich für eine Fach- und Führungsfunktion bei Unternehmen und Institutionen der Luftverkehrsbranche interessieren.",345,3336,unknown,https://i.ytimg.com/vi/TxG342J07DE/hqdefault.jpg,35,1
GKvYyjalj58,UCdxxZI5F0u0l_wY8Bimsnow,FOM Hochschule,2019-07-10T13:09:00Z,https://www.youtube.com/watch?v=GKvYyjalj58,FOM DigiTalk 2019 in Düsseldorf,"Im Rahmen der gemeinsamen Veranstaltung der FOM Hochschule und der Digitalen Stadt Düsseldorf diskutierten prominente Gäste über die Digitalisierung in Deutschland. 

Mit dabei waren Unternehmer Frank Thelen, Top-Managerin Simone Menne,  Dr. Klaus Weber von der Janssen-Cilag GmbH und FOM Professor Dr. David Matusiewicz.",99,1205,unknown,https://i.ytimg.com/vi/GKvYyjalj58/hqdefault.jpg,13,0
r7kWBUQ81h0,UCdxxZI5F0u0l_wY8Bimsnow,FOM Hochschule,2019-05-31T06:58:25Z,https://www.youtube.com/watch?v=r7kWBUQ81h0,FOM German-Sino School of Business & Technology (Chinese Subtitles),Die FOM Hochschule für Oekonomie & Management bildet deutsch-chinesisch-englischsprachigen Führungsnachwuchs in China und Deutschland aus. Das Studienprogramm der FOM German-Sino School of Business and Technology ist 2002 mit 126 Studierenden aus China gestartet. Inzwischen zählt das Studienangebot der FOM Hochschule für chinesische Studierende zu den europaweit größten Austauschprogrammen mit Hochschulen in China.,484,1676,unknown,https://i.ytimg.com/vi/r7kWBUQ81h0/hqdefault.jpg,5,0
E3-H5u2iqFk,UCdxxZI5F0u0l_wY8Bimsnow,FOM Hochschule,2019-04-04T11:19:04Z,https://www.youtube.com/watch?v=E3-H5u2iqFk,Master of Business Administration – The MBA programme,"Graduates of the extra occupational Master course of studies “Master of Business Administration” are distinguished by their entrepreneurial 360°-view: by conveying comprehensive business knowledge and management competencies, MBA students develop into business-minded, assertive personalities, who are able to safely navigate the international business world.",226,3974,unknown,https://i.ytimg.com/vi/E3-H5u2iqFk/hqdefault.jpg,42,0
2LIzt-olgkA,UCdxxZI5F0u0l_wY8Bimsnow,FOM Hochschule,2019-01-21T10:20:56Z,https://www.youtube.com/watch?v=2LIzt-olgkA,Systemreakkreditierung der FOM Hochschule durch die FIBAA,"Die FOM Hochschule ist für weitere acht Jahre systemakkreditiert. In einer Feierstunde überreichte Prof. Dr. Kerstin Fink, Geschäftsführerin der FIBAA (Foundation for International Business Administration Accreditation), der FOM die Urkunde. Damit ist die FOM die erste Hochschule in Nordrhein-Westfalen und eine der ersten Hochschulen bundesweit, die den aufwändigen Prozess der System-Reakkreditierung erfolgreich durchlaufen hat. Nach den Standards des deutschen Akkreditierungsrats hatte die FIBAA die mit über 50.000 Studierenden größte private Hochschule Deutschlands umfänglich geprüft.",138,1026,unknown,https://i.ytimg.com/vi/2LIzt-olgkA/hqdefault.jpg,5,0
gJXsEjue4Ec,UCdxxZI5F0u0l_wY8Bimsnow,FOM Hochschule,2018-11-27T14:03:43Z,https://www.youtube.com/watch?v=gJXsEjue4Ec,FOM Talk mit Frank Thelen,"Von der Höhle der Löwen in den Hörsaal der FOM: Im Oktober war Frank Thelen zu Gast an der FOM Hochschule in Bonn. Mit Prof. Dr. David Matusiewicz sprach der Unternehmer vor den Studierenden u.a. über das berufsbegleitende Studium, Gründen und Start-ups.",271,12509,unknown,https://i.ytimg.com/vi/gJXsEjue4Ec/hqdefault.jpg,80,2
GE_mvCgo2mU,UCdxxZI5F0u0l_wY8Bimsnow,FOM Hochschule,2018-01-15T08:08:52Z,https://www.youtube.com/watch?v=GE_mvCgo2mU,GesundheitsProf: Digitale Transformation im Gesundheitswesen,Das komplexe Gesundheitssystem zu verstehen ist nicht einfach. Prof. David Matusiewicz von der FOM Hochschule erklärt als der „GesundheitsProf“ die wesentlichen Akteure und Zusammenhänge im deutschen Gesundheitswesen. In mehreren Teilen werden verschiedene Themen auf einfache Art und Weise erläutert.,145,2136,unknown,https://i.ytimg.com/vi/GE_mvCgo2mU/hqdefault.jpg,0,0
5N_fukkSDFY,UCdxxZI5F0u0l_wY8Bimsnow,FOM Hochschule,2017-09-20T08:16:24Z,https://www.youtube.com/watch?v=5N_fukkSDFY,FOM: Bachelor-Studiengang Soziale Arbeit – Staatliche Anerkennung,"Dieses Video erklärt, wie Studierende des Studiengangs Soziale Arbeit zusätzlich zu ihrem Studienabschluss die staatliche Anerkennung als Sozialpädagoge/in und Sozialarbeiter/in erlangen können. http://ow.ly/DwcT30fgzFq",144,4384,unknown,https://i.ytimg.com/vi/5N_fukkSDFY/hqdefault.jpg,0,0
1cv7sPiUH5E,UCdxxZI5F0u0l_wY8Bimsnow,FOM Hochschule,2017-06-20T13:40:23Z,https://www.youtube.com/watch?v=1cv7sPiUH5E,FOM German-Sino School of Business & Technology,"Die FOM Hochschule für Oekonomie & Management bildet deutsch-chinesisch-englischsprachigen Führungsnachwuchs in China und Deutschland aus. Das Studienprogramm der FOM German-Sino School of Business and Technology ist 2002 mit 126 Studierenden aus China gestartet.  Seitdem haben sich umfangreiche Studienprogramme entwickelt, an denen heute über 3.000 Studierende teilnehmen. Mittlerweile haben schon über 4.000 junge Menschen aus China in Deutschland ihr Studium mit Erfolg absolviert.",484,2696,unknown,https://i.ytimg.com/vi/1cv7sPiUH5E/hqdefault.jpg,0,0
Sg6aRxtN0p4,UCdxxZI5F0u0l_wY8Bimsnow,FOM Hochschule,2017-05-09T13:48:44Z,https://www.youtube.com/watch?v=Sg6aRxtN0p4,Sciene Slam Göttingen: FOM Dekan lässt Lachmuskeln spielen,"Der Science Slam in der alten Mensa in Göttingen sorgte  bei den Teilnehmern und Zuschauer für große Begeisterung. Sechs Wissenschaftler präsentierten den rund 280 Zuschauern humorvoll ihre wissenschaftlichen Arbeiten. Mit dabei war auch David Matusiewicz, der als Professor und Dekan für Gesundheit & Soziales an der FOM Hochschule beschäftigt ist.",213,1050,unknown,https://i.ytimg.com/vi/Sg6aRxtN0p4/hqdefault.jpg,0,0
PqdJRwuNuZg,UCdxxZI5F0u0l_wY8Bimsnow,FOM Hochschule,2014-11-21T14:15:52Z,https://www.youtube.com/watch?v=PqdJRwuNuZg,FOM Essen Verabschiedung 2012,"Mit einer feierlichen Verabschiedung im Alfried Krupp Saal der Essener Philharmonie hat die FOM Hochschule ihren 15. Absolventenjahrgang geehrt. Mit 700 Berufstätigen und Auszubildenden, die nach dreieinhalb Jahren neben dem Beruf ihren Abschluss gemacht haben, war es die größte Absolventenfeier in der Geschichte der FOM Hochschule. Zum traditionellen Hütewurf versammelten sich die Absolventen bei perfektem Wetter auf dem Vorplatz der Philharmonie http://ow.ly/dHQm9",177,2166,unknown,https://i.ytimg.com/vi/PqdJRwuNuZg/hqdefault.jpg,0,0
jI7yz4UTH9Q,UCdxxZI5F0u0l_wY8Bimsnow,FOM Hochschule,2014-09-04T10:13:39Z,https://www.youtube.com/watch?v=jI7yz4UTH9Q,Semsterstart 2014 an der FOM in Essen,"Auch zum Start des Wintersemesters freuen wir uns, so viele Erstis an der FOM begrüßen zu dürfen. Euch allen eine gute Zeit und ein erfolgreiches Studium.",225,4884,unknown,https://i.ytimg.com/vi/jI7yz4UTH9Q/hqdefault.jpg,0,0
ALGm4pEmYcA,UCdxxZI5F0u0l_wY8Bimsnow,FOM Hochschule,2014-01-20T11:23:27Z,https://www.youtube.com/watch?v=ALGm4pEmYcA,Strahlende Gesichter auf der feierlichen Verabschiedung der FOM Essen,"Auch 2013 wurde wieder gejubelt. 650 FOM Absolventen warfen das Hütchen und feierten ihr erfolgreich abgeschlossenes Studium in der Essener Philarmonie. Wer noch mitten in den Vorlesungen und Prüfungen steckt, bekommt hier einen kleinen Vorgeschmack auf den schönsten Moment im Studium.",167,4577,unknown,https://i.ytimg.com/vi/ALGm4pEmYcA/hqdefault.jpg,0,0
qiTPk2YH-N4,UCdxxZI5F0u0l_wY8Bimsnow,FOM Hochschule,2013-08-06T13:57:29Z,https://www.youtube.com/watch?v=qiTPk2YH-N4,Auslandssemester an der UCAM,"Die FOM ermöglicht euch auch während eines berufsbegleitenden Studiums Auslandserfahrungen zu sammeln. Eine unserer Partner-Universitäten ist die UCAM in Murcia, Spanien. Was euch dort erwartet, zeigen wir euch in diesem Video http://ow.ly/nFFS3",165,2044,unknown,https://i.ytimg.com/vi/qiTPk2YH-N4/hqdefault.jpg,0,0
eW15X3kpz88,UCdxxZI5F0u0l_wY8Bimsnow,FOM Hochschule,2012-03-09T08:24:57Z,https://www.youtube.com/watch?v=eW15X3kpz88,Minister Heubisch hält Festrede zum 10-Jährigen der FOM Hochschule München,"Mit einem großen Festakt beging die FOM Hochschule in München gestern ihren 10. Geburtstag. Ehrengast des Abends war Bayerns Wissenschaftsminister Dr. Wolfgang Heubisch, der im Namen der bayrischen Staatsregierung gratulierte. Der Staatsminister lobte mehrfach das besondere Engagement der FOM: „Die private Hochschule ist das beste Beispiel für Fachkräftesicherung. Ihre Gründung war eine Entscheidung mit Weitsicht."" Zukunftschancen eröffnen, dafür stehe die FOM Hochschule. Dr. Heubisch rühmte auch das Engagement der 300 Erstsemester: „Ich habe großen Respekt vor Ihren Leistungen: Sie sind die künftigen Leistungsbringer.""",1258,259,unknown,https://i.ytimg.com/vi/eW15X3kpz88/hqdefault.jpg,0,0
6HgicjVIllM,UCdxxZI5F0u0l_wY8Bimsnow,FOM Hochschule,2012-03-09T08:12:53Z,https://www.youtube.com/watch?v=6HgicjVIllM,10 Jahre FOM München,"Mit einem großen Festakt beging die FOM Hochschule in München ihren 10. Geburtstag. Im Rahmen der Semestereröffnung warf Rektor Prof. Hermeier einen Rückblick auf die vergangenen zehn Jahre und die Erfolge der FOM Hochschule: „Mit 67 Studierenden haben wir vor 10 Jahren angefangen, mittlerweile haben 1250 Studierende bereits hier ihr Examen gemacht."" Den 300 Erstsemestern, die ihr berufsbegleitenden Bachelor- oder Master-Studium dieses Sommersemester begonnen haben, steht die Herausforderung Job und Studium zu vereinbaren, noch bevor.",183,1137,unknown,https://i.ytimg.com/vi/6HgicjVIllM/hqdefault.jpg,0,0
BAq3GIcV3q8,UCdxxZI5F0u0l_wY8Bimsnow,FOM Hochschule,2011-11-04T13:50:30Z,https://www.youtube.com/watch?v=BAq3GIcV3q8,Verabschiedung FOM Duisburg,"Die FOM Hochschule für Oekonomie & Management in Duisburg hat ihren elften Absolventenjahrgang verabschiedet. 200 Berufstätige und Auszubildende aus Duisburg und der Region haben ihr berufsbegleitendes Diplom- und Bachelor-Studium beendet und feierten ihren erfolgreichen Abschluss. Mehrere hundert  Gäste, darunter neben Vertretern der Hochschulleitung auch zahlreiche Familienangehörige, Verwandte und Freunde, bildeten in der Gebläsehalle des Landschaftsparks Duisburg-Nord einen stimmungsvollen und würdigen Rahmen http://ow.ly/7iYZl",182,5060,unknown,https://i.ytimg.com/vi/BAq3GIcV3q8/hqdefault.jpg,0,0
TtUsb5BcSdQ,UCdxxZI5F0u0l_wY8Bimsnow,FOM Hochschule,2011-08-10T13:12:53Z,https://www.youtube.com/watch?v=TtUsb5BcSdQ,FOM verabschiedet ihren 14. Absolventenjahrgang mit 350 Berufstätigen,Traditionell im Welterbe Zollverein in Essen hat die FOM Hochschule für Ökonomie und Management ihre erfolgreichen Absolventen des 14. Studienjahrgangs gefeiert. 350 Berufstätige und Auszubildende haben ihr Diplom- und Bachelor-Studium neben dem Beruf beendet und sich damit eine gute Perspektive für die berufliche Zukunft erarbeitet. Neben  Familienangehörigen und Freunden sowie der FOM-Hochschulleitung gratulierten den Absolventen auch Vertreter der Wirtschaft und der Stadt. http://ow.ly/5ZFbx,168,2402,unknown,https://i.ytimg.com/vi/TtUsb5BcSdQ/hqdefault.jpg,0,0
